,Symbol,Series,Prev Close,Open,High,Low,Last,Close,VWAP,Volume,Turnover,Trades,Deliverable Volume,%Deliverble,SAR,Signal
2022-12-27,AARON,EQ,163.95,171.0,171.0,165.15,170.65,169.9,168.59,5972,100679955000.0,245,4083,0.6837000000000001,175.11923904,Sell
2022-12-27,63MOONS,EQ,154.15,156.0,159.0,152.8,157.05,157.85,156.64,66963,1048937455000.0001,2817,35066,0.5236999999999999,161.8596,Sell
2022-12-27,3PLAND,EQ,16.75,17.3,17.3,16.25,17.0,16.9,16.67,7669,12786670000.0,152,2866,0.3737,17.66432606676787,Sell
2022-12-27,AARVEEDEN,EQ,24.0,24.25,24.25,23.25,23.8,23.8,23.72,8585,20367060000.0,180,4488,0.5228,29.0367984,Sell
2022-12-27,21STCENMGM,EQ,22.35,22.75,22.75,22.05,22.75,22.75,22.54,6910,15574095000.000002,84,3960,0.5731,24.09616,Sell
2022-12-27,ABSLAMC,EQ,443.3,443.25,451.0,441.0,451.0,450.0,446.3,38537,1719920075000.0,1984,21817,0.5661,464.5826142555648,Sell
2022-12-27,ACI,EQ,492.5,495.0,520.0,490.05,518.2,516.75,512.9,309484,15873492725000.0,13679,130611,0.42200000000000004,527.8024379954358,Sell
2022-12-27,ABBOTINDIA,EQ,21772.55,21770.0,21825.0,21440.0,21708.0,21625.4,21568.78,21294,45928566355000.0,4875,9871,0.4636,21319.164,Buy
2022-12-27,AEGISCHEM,EQ,341.7,341.75,350.0,338.05,342.0,342.45,344.36,348210,11991122935000.0,13346,90768,0.2607,368.32029760000006,Sell
2022-12-27,ADVANIHOTR,EQ,84.2,85.9,87.75,84.3,86.1,86.95,86.46,216934,1875692330000.0,2837,109441,0.5045000000000001,88.9670544,Sell
2022-12-27,AIROLAM,EQ,82.95,84.45,88.25,84.0,85.45,85.8,86.03,26032,223941145000.00003,372,15307,0.588,96.68756998399999,Sell
2022-12-27,AGROPHOS,EQ,39.95,41.9,41.9,41.9,41.9,41.9,41.9,74218,310973420000.0,229,53490,0.7206999999999999,55.750571199999996,Sell
2022-12-27,AHLUCONT,EQ,446.0,446.85,475.0,444.05,474.0,470.75,463.92,30000,1391771275000.0,2157,8682,0.28940000000000005,533.7459008,Sell
2022-12-05,AKSHAR,EQ,66.2,68.0,69.5,66.75,67.0,67.05,67.16,466656,3134024910000.0,1157,352239,0.7548,60.20364345024372,Buy
2022-12-27,ALEMBICLTD,EQ,70.8,71.45,71.9,70.85,71.05,71.0,71.29,103049,734620050000.0,1514,49745,0.4827,77.52458274640746,Sell
2022-12-27,ANTGRAPHIC,EQ,0.8,0.8,0.85,0.75,0.8,0.8,0.81,267859,21714840000.0,352,237200,0.8855,0.88912,Sell
2022-12-27,ALKYLAMINE,EQ,2692.8,2720.8,2750.0,2695.65,2730.0,2725.6,2718.5,12621,3431013590000.0,3305,4254,0.3371,2824.42,Sell
2022-12-27,ANDHRSUGAR,EQ,126.65,129.9,133.0,129.8,132.9,132.45,131.55,369911,4866345940000.0,5202,104123,0.2815,143.643152,Sell
2022-12-27,ALLSEC,EQ,525.15,524.0,543.0,511.8,529.0,536.35,534.08,96170,5136241110000.0,3862,56229,0.5847,469.1,Buy
2022-12-27,ANMOL,EQ,150.1,151.1,154.0,149.35,152.0,151.65,151.33,4817,72897780000.0,347,2456,0.5099,163.84664,Sell
2022-12-27,ANANDRATHI,EQ,685.9,690.0,697.0,684.75,695.2,695.3,690.19,21623,1492396135000.0,1486,14107,0.6524,655.75,Buy
2022-12-27,ANIKINDS,EQ,37.5,38.95,39.8,36.75,36.8,36.9,37.52,43359,162700935000.0,716,20571,0.4744,40.62211200000001,Sell
2022-12-27,ALKEM,EQ,3081.1,3099.6,3102.4,3021.8,3070.0,3069.35,3050.51,75812,23126524955000.0,10962,22246,0.2934,3121.658417545159,Sell
2022-12-27,APLLTD,EQ,586.4,586.35,600.0,584.2,596.0,595.5,594.67,48667,2894066330000.0,3075,22677,0.466,566.102774096,Buy
2022-12-27,ANKITMETAL,EQ,5.95,5.95,6.1,5.8,5.95,6.0,5.97,106302,63504630000.00001,320,58129,0.5468000000000001,6.435029521772511,Sell
2022-12-27,ARIES,EQ,170.85,172.1,175.2,168.55,174.15,172.3,172.08,118341,2036390435000.0002,3760,52274,0.44170000000000004,184.56748,Sell
2022-12-27,APTECHT,EQ,312.25,314.75,323.6,313.1,319.35,318.3,317.87,146819,4666928700000.0,5949,36967,0.2518,324.36153599999994,Sell
2022-12-27,APOLLOPIPE,EQ,486.75,494.05,512.0,490.05,505.7,506.2,499.92,51297,2564457525000.0,4286,18066,0.3522,545.4419439999999,Sell
2022-12-27,ARCHIES,EQ,23.65,23.95,24.25,23.5,24.0,23.95,23.91,49045,117269545000.0,322,36439,0.743,27.957359999999998,Sell
2022-12-27,APOLLOTYRE,EQ,320.35,321.6,325.95,320.5,322.85,323.5,323.32,2689611,86959422300000.0,34457,484618,0.1802,328.08112,Sell
2022-12-27,ASHOKA,EQ,82.1,82.75,87.3,82.45,87.05,86.9,85.28,2153459,18364292340000.0,13660,1063380,0.4938,77.5,Buy
2022-12-27,ARVINDFASN,EQ,322.85,325.0,329.05,318.25,321.2,321.75,324.4,170465,5529812375000.0,5447,67508,0.396,361.27156,Sell
2022-12-27,AROGRANITE,EQ,46.7,47.5,48.25,46.2,47.65,47.35,47.37,39706,188099175000.0,675,18860,0.47500000000000003,56.88496,Sell
2022-12-27,ASTERDM,EQ,232.75,233.3,235.75,228.1,230.2,230.0,230.32,201385,4638267065000.0,5737,65305,0.3243,217.947660032,Buy
2022-12-27,ASHIMASYN,EQ,15.75,15.9,17.25,15.85,16.85,16.9,16.8,583923,980976119999.9999,1265,347035,0.5943,17.880959999999998,Sell
2022-10-19,ATLANTA,EQ,27.8,27.8,29.35,26.9,27.3,27.45,28.17,1334320,3758330490000.0,6310,390771,0.2929,22.794822335520628,Buy
2022-12-27,AUBANK,EQ,655.05,660.0,665.4,653.0,661.0,663.35,657.97,896071,58958793029999.99,30599,355123,0.39630000000000004,686.2899250080217,Sell
2022-12-27,BAJAJELEC,EQ,1141.45,1143.8,1194.0,1135.05,1194.0,1191.25,1177.74,137679,16214937930000.002,11604,48647,0.3533,1118.6,Buy
2022-12-27,AUROPHARMA,EQ,437.2,439.45,444.95,438.3,442.5,441.7,441.48,1239728,54731929679999.99,20439,305505,0.2464,458.704,Sell
2022-12-27,AVADHSUGAR,EQ,519.65,532.95,562.0,525.0,541.6,536.6,539.65,336944,18183243610000.0,13058,81836,0.2429,613.34952,Sell
2022-12-27,BAJFINANCE,EQ,6433.7,6466.0,6530.0,6430.0,6505.0,6504.7,6481.84,781035,506254058489999.94,75243,360133,0.4611,6669.558743999999,Sell
2022-12-27,BAJAJHIND,EQ,16.7,17.2,17.5,16.85,17.5,17.35,17.26,28188781,48653945615000.0,23162,12572228,0.446,19.884159999999998,Sell
2022-12-27,BALAXI,EQ,580.45,580.6,589.5,571.0,586.0,580.3,581.3,1940,112771485000.00002,143,1247,0.6428,663.5428816,Sell
2022-12-27,BAJAJHCARE,EQ,420.5,414.0,422.5,414.0,419.6,419.05,420.11,31586,1326945800000.0,2534,16233,0.5139,441.65732799999995,Sell
2022-12-27,AUTOAXLES,EQ,1922.5,1920.05,1968.0,1906.1,1960.0,1958.85,1943.0,5395,1048247540000.0,1843,2499,0.4632,2059.5668,Sell
2022-12-27,AXISBANK,EQ,928.7,932.45,937.8,922.6,933.0,932.2,928.72,3346083,310758124955000.0,145210,1214036,0.3628,952.50964,Sell
2022-12-27,BALKRISHNA,EQ,40.8,41.85,41.9,38.8,39.5,39.8,40.17,46269,185866625000.0,839,25609,0.5535,34.443283543859195,Buy
2022-12-27,ATFL,EQ,822.4,822.4,836.0,815.5,828.0,833.45,825.98,8838,730001700000.0,543,6645,0.7519,781.2358524970167,Buy
2022-12-27,BALMLAWRIE,EQ,118.65,119.7,121.8,119.0,121.0,120.9,120.0,201538,2418527315000.0,3230,101423,0.5032,128.3606176,Sell
2022-12-27,BBTCL,EQ,233.9,237.7,237.7,227.45,230.0,231.45,232.88,9851,229412879999.99997,1029,7270,0.738,273.82412800000003,Sell
2022-12-27,BALPHARMA,EQ,94.85,94.9,95.2,93.1,93.4,93.45,93.86,72039,676183300000.0,1281,46278,0.6424,86.39691242399998,Buy
2022-12-27,BANARBEADS,EQ,80.6,82.0,82.0,78.3,78.7,79.25,79.57,11430,90943470000.0,207,6438,0.5633,83.86014541631693,Sell
2022-12-27,BBTCL,EQ,233.9,237.7,237.7,227.45,230.0,231.45,232.88,9851,229412879999.99997,1029,7270,0.738,273.82412800000003,Sell
2022-12-27,BEDMUTHA,EQ,58.9,62.0,70.0,61.5,63.6,63.95,66.2,281987,1866862335000.0002,3357,115544,0.4097,46.75,Buy
2022-12-27,BALRAMCHIN,EQ,388.55,395.0,411.35,392.3,396.0,396.4,400.5,5642702,225991116985000.0,59435,544231,0.09640000000000001,414.188,Sell
2022-12-27,BEARDSELL,EQ,21.95,21.95,23.9,21.95,23.2,23.2,22.9,47455,108661275000.0,710,29927,0.6306,27.39706,Sell
2022-12-27,BHARATWIRE,EQ,98.65,99.9,109.75,97.05,105.7,106.2,105.5,481321,5077833460000.0,5870,258146,0.5363,87.3,Buy
2022-12-27,BHARATFORG,EQ,875.8,878.25,886.4,867.0,873.25,872.8,875.02,1025722,89753176860000.0,30512,428054,0.4173,903.5850441767424,Sell
2022-12-27,BHAGYANGR,EQ,43.6,43.85,46.95,43.15,46.5,46.3,44.63,28729,128210264999.99998,471,13016,0.45310000000000006,49.262,Sell
2022-12-27,BBOX,EQ,130.7,132.9,142.0,129.8,140.0,140.9,138.0,47528,655905635000.0,1536,22041,0.4637,144.87036410808983,Sell
2022-12-27,BLUEDART,EQ,7406.65,7391.0,7544.65,7355.35,7531.0,7528.05,7465.1,10636,7939884120000.0,3175,3199,0.3008,7724.740048896,Sell
2022-12-27,BLISSGVS,EQ,72.9,73.9,73.9,72.2,72.65,72.45,72.83,72147,525478459999.99994,1248,39786,0.5515,76.25002,Sell
2022-12-27,CAMLINFINE,EQ,144.4,145.9,151.0,143.35,148.9,149.1,147.14,330163,4857966545000.0,5820,150677,0.45640000000000003,133.65,Buy
2022-12-27,BURNPUR,EQ,5.35,5.45,5.6,5.35,5.5,5.5,5.45,191590,104424240000.0,370,130975,0.6836,6.509472000000001,Sell
2022-12-05,BSL,EQ,200.55,205.0,209.7,200.7,203.5,205.25,205.67,42208,868110165000.0,1187,23655,0.5604,190.1927413719779,Buy
2022-12-27,CENTEXT,EQ,9.95,10.15,10.2,10.0,10.1,10.15,10.12,47295,47874880000.0,249,35471,0.75,10.751999999999999,Sell
2022-12-27,CAMS,EQ,2192.0,2205.0,2229.0,2195.2,2215.0,2214.85,2215.33,66141,14652382990000.0,7002,35598,0.5382,2281.32,Sell
2022-12-27,CARBORUNIV,EQ,875.55,879.45,894.0,870.0,890.0,890.65,884.62,57416,5079129370000.0,9859,29380,0.5117,902.66032,Sell
2022-12-27,CENTUM,EQ,631.45,634.9,757.7,624.5,757.7,752.6,723.83,464420,33616304675000.0,19861,102140,0.21989999999999998,603.45,Buy
2022-12-27,CCL,EQ,517.9,521.1,571.8,510.0,564.5,561.65,559.2,1961108,109666064575000.0,44984,342775,0.1748,485.85,Buy
2022-12-27,CASTROLIND,EQ,119.9,121.1,122.9,120.2,121.95,121.9,121.21,421925,5114175070000.0,5956,182650,0.4329,135.96840000000003,Sell
2022-12-27,CGCL,EQ,755.1,752.0,780.0,752.0,774.25,773.25,771.74,201946,15585012880000.002,10458,69511,0.3442,737.928,Buy
2022-12-27,CHALET,EQ,326.55,332.0,338.0,321.35,337.75,330.65,328.21,173481,5693761405000.0,8517,123796,0.7136,370.2862144,Sell
2022-12-27,CARERATING,EQ,585.3,586.05,588.0,574.35,579.0,578.35,579.02,34388,1991128545000.0,2489,13834,0.4023,606.761191616,Sell
2022-12-27,CINEVISTA,EQ,11.45,11.9,12.4,11.5,12.15,12.25,11.95,32319,38625015000.0,355,13157,0.4071,13.735569664,Sell
2022-12-27,CIPLA,EQ,1096.5,1094.05,1104.9,1090.1,1097.95,1095.85,1096.5,1209316,132601668495000.0,42282,420357,0.34759999999999996,1147.35,Sell
2022-12-27,CLSEL,EQ,124.15,126.0,127.8,123.45,125.05,124.45,125.09,102025,1276179770000.0,1861,47848,0.469,133.59216,Sell
2022-12-27,CREDITACC,EQ,889.45,899.0,901.5,872.0,890.9,892.45,884.58,36439,3223313775000.0,6055,9325,0.2559,929.70496,Sell
2022-12-27,CRAFTSMAN,EQ,3185.65,3267.95,3285.0,3191.4,3258.5,3271.65,3260.22,28728,9365954620000.0,4855,14380,0.5006,3434.0312,Sell
2022-12-27,CONFIPET,EQ,79.65,80.35,81.95,78.55,79.45,79.2,79.75,1512301,12060734250000.0,10098,487852,0.3226,88.688,Sell
2022-12-27,CREST,EQ,194.95,198.95,201.0,192.4,197.3,195.8,198.46,11879,235755860000.0,478,8091,0.6811,212.64208000000002,Sell
2022-12-14,COUNCODOS,EQ,5.35,5.3,5.45,5.1,5.15,5.15,5.19,127209,65985619999.99999,275,91579,0.7199,5.081836619491738,Buy
2022-12-14,CROWN,EQ,41.9,41.5,42.45,39.65,39.65,40.1,41.45,22749,94289885000.0,452,10094,0.4437,52.4,Sell
2022-12-27,DALMIASUG,EQ,368.4,400.0,400.0,373.05,378.45,377.15,381.26,546066,20819184805000.0,17870,142934,0.2618,437.39738,Sell
2022-12-27,DBOL,EQ,186.1,191.5,208.9,190.95,204.0,201.7,200.83,506962,10181479225000.0,11008,168036,0.3315,227.0992,Sell
2022-12-27,DAAWAT,EQ,112.85,113.45,115.75,113.0,114.5,114.35,114.41,1161272,13286520985000.0,7954,299912,0.2583,126.02632,Sell
2022-12-27,CYBERTECH,EQ,128.35,130.3,132.8,127.5,130.5,130.2,129.85,28904,375313830000.0,1057,12363,0.4277,139.65676000000002,Sell
2022-12-27,DANGEE,EQ,17.95,18.0,18.35,17.7,18.35,18.3,18.27,118594,216647515000.0,229,103473,0.8725,19.804341632,Sell
2022-12-27,DCMSRIND,EQ,71.4,72.75,74.65,71.75,72.5,72.4,73.01,222901,1627420335000.0,1934,130465,0.5853,80.20602240000001,Sell
2022-12-27,DEEPINDS,EQ,261.45,268.0,270.95,261.05,268.25,269.35,266.87,65893,1758500010000.0002,2651,27597,0.41880000000000006,275.7369088,Sell
2022-12-27,DBSTOCKBRO,EQ,22.4,23.9,23.95,22.3,23.9,23.85,23.53,2696,6343920000.0,60,1601,0.5938,25.72007578971539,Sell
2022-12-27,DBCORP,EQ,118.7,120.0,122.4,116.05,121.8,121.4,120.58,196146,2365056255000.0,3272,76336,0.38920000000000005,124.68816000000001,Sell
2022-12-27,DALBHARAT,EQ,1812.05,1820.0,1870.0,1809.6,1864.3,1863.1,1847.94,206566,38172110290000.0,12871,56852,0.2752,1898.6188765470338,Sell
2022-12-27,DCMNVL,EQ,151.2,158.0,164.85,153.35,161.25,162.1,160.05,65855,1054001465000.0,1420,43084,0.6542,171.98616601451462,Sell
2022-12-27,DIXON,EQ,3817.8,3865.0,3955.0,3841.6,3944.0,3939.4,3912.61,331759,129804297345000.0,29473,102621,0.3093,4111.7516000000005,Sell
2022-12-27,DMART,EQ,4036.6,4060.0,4094.0,4005.0,4075.0,4074.6,4052.19,168072,68105941125000.0,26401,58450,0.3478,4158.046300206439,Sell
2022-12-27,DJML,EQ,146.9,148.55,153.0,144.05,153.0,149.7,148.05,3133,46383560000.0,120,2062,0.6581999999999999,180.31,Sell
2022-12-27,DHANI,EQ,38.1,39.3,41.9,39.1,41.9,41.9,41.59,3036355,12627717740000.0,8887,1768042,0.5822999999999999,34.5,Buy
2022-12-27,DIVISLAB,EQ,3428.8,3434.0,3499.7,3428.8,3480.0,3477.1,3465.75,362159,125515135665000.02,30381,83830,0.23149999999999998,3314.040949632,Buy
2022-12-27,DIGISPICE,EQ,26.7,27.9,27.9,26.45,27.25,27.1,27.13,82312,223285210000.0,527,52545,0.6384000000000001,29.38418,Sell
2022-12-27,DHAMPURSUG,EQ,229.95,239.9,247.5,236.85,246.4,245.5,242.92,1295685,31474204180000.0,21643,289304,0.2233,272.89724,Sell
2022-12-27,DELPHIFX,EQ,391.4,402.0,402.2,390.05,390.1,395.0,396.21,2668,105709380000.0,317,1374,0.515,420.88,Sell
2022-12-27,DFMFOODS,EQ,453.05,454.0,456.95,452.1,456.5,455.75,454.27,314529,14288206075000.0,3733,239286,0.7608,407.4299600408,Buy
2022-12-27,DODLA,EQ,502.4,514.95,519.9,506.0,507.2,508.2,513.07,71463,3666572745000.0005,3316,11509,0.161,524.6342399999999,Sell
2022-12-27,DONEAR,EQ,84.8,85.25,86.8,80.4,84.7,83.95,84.13,293672,2470689890000.0,3178,108227,0.3685,100.61783999999999,Sell
2022-12-27,DGCONTENT,EQ,15.1,15.25,16.0,14.4,15.1,15.1,15.23,19687,29982355000.0,88,16624,0.8444,16.0870632,Sell
2022-12-27,DICIND,EQ,370.25,377.65,383.95,368.5,381.0,382.15,377.63,2437,92028125000.0,203,1927,0.7907,391.10549433456634,Sell
2022-12-27,DWARKESH,EQ,96.1,99.0,103.9,99.0,103.7,103.0,101.56,3553564,36089219745000.0,22265,887303,0.2497,110.74002720000001,Sell
2022-12-27,E2E,EQ,190.05,198.9,198.9,190.25,191.25,192.75,193.73,5698,110385975000.0,235,3402,0.5971000000000001,217.2156856941056,Sell
2022-12-27,DYCL,EQ,177.95,180.0,194.55,177.0,188.2,189.8,186.62,142125,2652309165000.0,5960,43427,0.3056,207.75649920000004,Sell
2022-12-27,EMUDHRA,EQ,312.3,317.95,331.2,311.35,330.25,328.55,324.75,272911,8862672785000.0,9978,157387,0.5767,297.35,Buy
2022-12-27,ELGIRUBCO,EQ,31.75,32.8,35.35,31.55,35.2,34.45,33.96,80431,273135450000.0,605,42194,0.5246000000000001,39.181,Sell
2022-12-27,EIFFL,EQ,157.8,157.85,159.7,154.25,154.3,158.55,158.66,10555,167464230000.0,109,9960,0.9436,176.98933534399998,Sell
2022-12-27,EMIL,EQ,86.2,86.65,87.4,85.2,85.8,85.85,86.44,553555,4785197180000.0,11311,253040,0.4571,91.2233088,Sell
2022-12-27,EPL,EQ,165.65,167.85,171.0,165.35,166.95,166.9,168.07,248056,4169162225000.0,6250,71163,0.28690000000000004,191.98033999999998,Sell
2022-12-27,EMAMIREAL,EQ,77.25,79.0,81.6,78.35,79.55,80.15,80.34,62498,502097915000.00006,1128,36282,0.5805,88.52,Sell
2022-12-27,EMKAY,EQ,74.3,76.0,77.0,73.65,75.5,75.55,75.23,28949,217796890000.0,359,21529,0.7437,78.09605077022533,Sell
2022-12-27,ENIL,EQ,152.1,154.3,157.7,152.0,156.0,155.75,155.12,13911,215786179999.99997,674,8145,0.5855,161.153046144,Sell
2022-12-27,EROSMEDIA,EQ,25.7,26.2,26.95,25.75,26.95,26.95,26.65,255080,679757885000.0,1756,178766,0.7008,29.319352639999998,Sell
2022-12-27,FCONSUMER,EQ,1.45,1.45,1.5,1.45,1.5,1.45,1.48,2040556,301981160000.0,1584,1141347,0.5593,1.5920800000000002,Sell
2022-12-27,FEL,EQ,1.7,1.7,1.7,1.6,1.65,1.65,1.64,1227958,201395460000.0,847,904428,0.7365,1.4602613759999998,Buy
2022-12-27,FAZE3Q,EQ,265.45,269.9,286.85,267.85,282.0,281.6,279.02,8638,241015450000.0,737,5037,0.5831000000000001,298.2563279817446,Sell
2022-12-27,ESABINDIA,EQ,3971.55,3972.0,4050.0,3953.0,4050.0,4020.95,4005.91,5302,2123935575000.0,1528,2466,0.4651,4303.565119999999,Sell
2022-12-27,EQUITAS,EQ,117.65,120.0,124.35,118.6,123.75,123.45,122.11,1542899,18840530585000.0,22882,777608,0.504,125.91135943424001,Sell
2022-12-14,EXCEL,EQ,0.55,0.55,0.6,0.5,0.6,0.55,0.54,24754590,1348091475000.0,3777,20744341,0.838,0.696,Sell
2022-12-27,FCSSOFT,EQ,2.8,2.85,2.85,2.7,2.8,2.75,2.76,6693792,1847631480000.0,4021,4062023,0.6068,3.1801407999999998,Sell
2022-12-27,FACT,EQ,267.3,277.0,294.0,275.35,294.0,294.0,288.23,4295975,123823183430000.0,39543,726205,0.16899999999999998,313.02603999999997,Sell
2022-12-27,FMGOETZE,EQ,301.75,303.0,321.95,302.2,318.3,318.75,315.03,203164,6400225665000.0,3502,140622,0.6922,298.0,Buy
2022-12-27,ETHOSLTD,EQ,1005.55,1009.0,1022.6,996.5,1014.9,1019.15,1014.14,34672,3516222704999.9995,2845,29256,0.8438,1036.31958704,Sell
2022-12-27,FINOPB,EQ,242.0,247.4,257.0,238.2,255.1,254.65,250.31,210567,5270720135000.0,6038,80290,0.38130000000000003,272.4581,Sell
2022-12-27,FINPIPE,EQ,180.7,181.3,187.35,178.2,186.0,185.85,184.25,1332518,24551793960000.0,24724,397443,0.2983,188.8832,Sell
2022-12-27,EXXARO,EQ,108.85,109.5,110.45,107.55,109.15,109.45,108.94,48487,528208130000.0,1688,21246,0.43820000000000003,124.271,Sell
2022-12-27,EVEREADY,EQ,351.95,366.0,366.0,352.05,353.9,354.1,357.27,88268,3153572580000.0,2993,53892,0.6104999999999999,385.64039282432003,Sell
2022-11-16,FLEXITUFF,EQ,33.35,33.0,33.25,31.55,31.95,31.8,32.17,37272,119892880000.0,215,27877,0.8724,27.422681807476,Buy
2022-12-27,FLFL,EQ,8.1,8.5,8.5,8.4,8.5,8.5,8.5,314065,266869200000.0,454,191055,0.6083,6.728545833518749,Buy
2022-12-27,ESSARSHPNG,EQ,9.4,9.8,9.85,9.5,9.75,9.7,9.69,231278,224171800000.0,520,128035,0.5536,10.26874719054848,Sell
2022-10-19,GAYAPROJ,EQ,13.2,13.3,14.5,13.1,14.25,14.45,14.18,9371383,13291801700000.0,7815,6075726,0.6483,10.959774513467188,Buy
2022-11-21,FSC,EQ,30.9,29.4,29.4,29.4,29.4,29.4,29.4,12234,35967960000.0,92,12234,1.0,35.2,Sell
2022-12-05,FOODSIN,EQ,132.0,134.35,139.2,131.1,136.45,136.15,135.33,217959,2949618425000.0,1908,151433,0.6948000000000001,144.23,Sell
2022-12-27,GALLANTT,EQ,59.55,59.95,64.6,59.8,62.5,63.0,62.8,83547,524648300000.0,1037,29850,0.35729999999999995,64.6695808,Sell
2022-12-27,FORTIS,EQ,275.35,276.2,282.7,275.6,280.9,281.35,279.81,913390,25558018935000.0,17467,503563,0.5513,289.7486,Sell
2022-12-27,GAIL,EQ,94.4,94.9,95.3,93.75,95.15,95.0,94.74,6330028,59968584629999.99,27151,2598862,0.4106,99.64136,Sell
2022-12-27,GAL,EQ,3.75,3.75,3.75,3.6,3.6,3.6,3.61,212219,76691900000.0,226,177176,0.8349,4.1850000000000005,Sell
2022-12-27,GENUSPAPER,EQ,17.95,18.2,18.5,17.45,18.2,18.1,18.01,684428,1232459950000.0,2108,142562,0.20829999999999999,21.59804,Sell
2022-12-27,GICRE,EQ,166.05,167.7,169.7,162.55,164.65,164.4,165.85,3354271,55629310815000.0,24060,436456,0.1301,198.82544,Sell
2022-12-27,GICHSGFIN,EQ,182.85,186.0,187.0,178.65,186.5,185.75,183.72,878758,16144678465000.0,12897,185024,0.21059999999999998,215.86852,Sell
2022-12-27,GEEKAYWIRE,EQ,75.55,79.0,79.0,75.05,76.7,76.2,76.67,21993,168613975000.0,507,13578,0.6174000000000001,80.5919613824,Sell
2022-12-27,GAEL,EQ,245.85,247.0,253.55,246.0,246.95,247.2,249.3,164285,4095569650000.0,4146,63866,0.38880000000000003,259.91693852451635,Sell
2022-12-27,GENCON,EQ,31.1,31.65,32.9,30.8,32.2,32.15,32.31,71813,232026254999.99997,449,41736,0.5811999999999999,33.27204281362925,Sell
2022-12-27,GMBREW,EQ,590.45,597.9,622.95,590.75,622.9,618.9,608.8,36696,2234065530000.0,2432,19859,0.5412,641.8656,Sell
2022-12-27,GLOBALVECT,EQ,53.05,52.1,56.0,52.1,54.25,54.9,54.71,25338,138632265000.0,319,15515,0.6123,62.880959999999995,Sell
2022-12-27,GLAXO,EQ,1330.85,1337.6,1339.75,1325.0,1329.5,1330.3,1330.69,16596,2208417120000.0,2213,8476,0.5107,1363.505620992,Sell
2022-12-27,GOCLCORP,EQ,342.85,344.5,386.65,344.45,373.05,374.3,370.51,247816,9181794410000.0,12439,81980,0.3308,414.08448,Sell
2022-12-27,GOODYEAR,EQ,1060.5,1081.8,1081.8,1065.3,1077.75,1075.25,1070.24,19788,2117798395000.0,1524,12092,0.6111,1160.3756991999999,Sell
2022-12-27,GNA,EQ,659.6,668.0,668.0,652.5,660.05,663.05,660.95,16716,1104845385000.0,1920,9525,0.5698,687.52808352,Sell
2022-12-27,GOYALALUM,EQ,161.9,170.0,176.1,155.1,173.0,168.95,167.86,29955,502826395000.0,87,1459,0.0487,183.9333,Sell
2022-12-27,GTLINFRA,EQ,1.2,1.25,1.25,1.2,1.25,1.25,1.23,16452400,2031171939999.9998,6951,9599847,0.5835,1.4173561600000002,Sell
2022-12-27,GREENLAM,EQ,318.7,322.6,343.9,322.6,331.55,334.8,325.77,676285,22031006300000.0,2898,640045,0.9464,297.0,Buy
2022-12-27,GSS,EQ,264.35,268.3,275.0,264.35,272.45,272.45,268.59,55728,1496819400000.0,1659,44007,0.7897,298.416,Sell
2022-12-27,GREENPOWER,EQ,11.45,11.5,11.75,11.15,11.3,11.35,11.39,8412450,9582118980000.0,7719,5388762,0.6406000000000001,13.0559336,Sell
2022-12-27,GPPL,EQ,91.85,92.65,92.75,90.2,92.0,91.55,91.24,930215,8487171575000.0,7814,345093,0.371,98.731191232,Sell
2022-12-27,GPIL,EQ,336.9,342.2,367.7,340.3,363.1,363.2,356.57,916037,32663561564999.996,19783,308769,0.3371,376.15820404,Sell
2022-12-27,GRAVITA,EQ,422.3,425.05,446.9,421.3,443.5,442.45,434.14,384022,16671768865000.0,13239,108886,0.28350000000000003,467.48864,Sell
2022-12-27,GUJAPOLLO,EQ,193.8,196.65,196.8,192.45,196.5,195.75,195.05,2867,55921494999.99999,171,1912,0.6668999999999999,203.10996,Sell
2022-12-27,GRPLTD,EQ,2082.95,2070.0,2120.0,2050.0,2050.0,2050.4,2057.44,1394,286807385000.0,345,983,0.7051999999999999,1858.76,Buy
2022-12-27,GUFICBIO,EQ,217.25,217.0,229.0,215.75,228.0,227.0,223.19,262577,5860531695000.0,6934,153448,0.5844,214.0,Buy
2022-12-27,HARIOMPIPE,EQ,330.7,325.0,348.7,322.5,343.0,342.95,337.92,246982,8346058745000.0,9629,75207,0.3045,358.48365466342403,Sell
2022-12-27,HDFCBANK,EQ,1629.45,1633.0,1635.95,1613.5,1630.9,1631.1,1622.27,3963386,642966960795000.0,101780,2207068,0.5569,1653.3265970902016,Sell
2022-12-27,GULPOLY,EQ,245.3,249.0,255.0,248.95,252.5,252.45,252.12,28172,710263415000.0,1666,12720,0.4515,273.8929872,Sell
2022-12-27,HATSUN,EQ,902.2,929.95,929.95,891.5,894.0,900.75,912.04,31738,2894624340000.0,3417,6752,0.2127,993.29102,Sell
2022-12-27,HCG,EQ,289.65,289.65,290.0,285.45,288.0,286.8,287.17,137881,3959551000000.0,3235,90165,0.6539,303.9,Sell
2022-12-27,HEADSUP,EQ,16.65,17.0,17.0,15.75,16.45,16.35,16.45,98911,162711370000.0,502,45840,0.46340000000000003,20.15002,Sell
2022-12-27,HERITGFOOD,EQ,338.8,346.0,350.0,342.2,345.0,344.55,345.31,97776,3376270185000.0,3727,52694,0.5389,377.24064,Sell
2022-12-27,HEMIPROP,EQ,104.05,105.9,110.0,105.25,109.3,109.1,107.91,1517586,16376498369999.998,10030,464366,0.306,117.7981504,Sell
2022-12-27,HECPROJECT,EQ,30.35,33.45,36.4,30.65,36.4,36.4,35.03,17194,60226175000.0,161,9484,0.5516,43.0390128,Sell
2022-12-27,HEXATRADEX,EQ,160.95,163.15,163.15,157.95,159.0,159.0,158.78,35169,558408100000.0,112,25915,0.7369,164.9,Sell
2022-12-27,HERCULES,EQ,207.7,210.1,219.9,209.1,218.0,218.0,214.74,86941,1866969995000.0,4991,33308,0.38310000000000005,242.92319999999998,Sell
2022-12-27,HDFC,EQ,2665.1,2672.8,2672.8,2648.25,2667.15,2669.1,2660.88,1524310,405600352260000.0,118509,985921,0.6468,2715.613250170814,Sell
2022-12-27,HINDZINC,EQ,314.05,315.25,324.5,313.5,319.5,321.6,318.19,366016,11646397980000.0,10893,148668,0.4062,331.4848,Sell
2022-12-05,HINDMOTORS,EQ,20.3,20.75,21.0,20.3,20.45,20.4,20.62,1136580,2343774095000.0,3921,768262,0.6759000000000001,18.9,Buy
2022-12-27,HGS,EQ,1328.0,1342.05,1348.8,1324.0,1340.0,1339.2,1336.57,30216,4038577860000.0,3337,15863,0.525,1456.3832304,Sell
2022-12-27,HINDCOMPOS,EQ,290.8,295.0,297.9,286.45,297.9,293.55,291.7,2122,61897900000.0,255,1297,0.6112,306.16462,Sell
2022-12-27,HINDWAREAP,EQ,394.4,396.95,407.5,396.95,403.15,400.2,402.52,156298,6291233775000.0,4373,113299,0.7249,420.8616,Sell
2022-12-27,HUHTAMAKI,EQ,197.05,198.5,204.0,198.5,203.8,202.8,201.89,72803,1469795870000.0,2989,21646,0.2973,224.20399999999998,Sell
2022-12-27,HONAUT,EQ,40833.2,41149.0,42350.0,41100.0,42248.0,42220.5,41976.77,10974,46065309995000.0,6504,2663,0.2427,43173.212116448754,Sell
2022-12-27,IBULHSGFIN,EQ,140.35,141.7,149.8,141.2,149.3,148.85,146.18,28681660,419256298605000.0,102775,5103367,0.1779,155.75396,Sell
2022-12-27,ICICIGI,EQ,1238.7,1239.0,1254.0,1228.4,1243.2,1242.75,1242.48,330784,41099241660000.0,18144,166702,0.504,1255.1182127359998,Sell
2022-12-05,HNDFDS,EQ,720.95,729.4,749.0,708.0,709.0,715.0,731.13,127378,9312985075000.0,7499,73730,0.5788000000000001,662.88,Buy
2022-12-27,ICICILOVOL,EQ,142.63,142.63,143.9,141.83,143.49,142.96,143.34,31344,449284363000.0,462,28109,0.8968,161.81143823479215,Sell
2022-12-27,ICRA,EQ,4504.5,4572.05,4599.95,4432.0,4440.0,4451.75,4480.6,2754,1233957530000.0,542,1693,0.6147,4638.289191008,Sell
2022-12-27,IDEA,EQ,7.85,7.85,8.0,7.85,7.9,7.9,7.92,69297538,54896598829999.99,82475,21083141,0.3042,8.89654,Sell
2022-12-27,IMAGICAA,EQ,36.5,37.25,37.9,35.55,35.8,35.95,36.23,223273,808946860000.0,985,116704,0.5227,41.436319999999995,Sell
2022-12-27,INDBANK,EQ,31.55,32.0,32.85,31.1,32.2,32.1,31.99,535851,1714388110000.0002,2086,247076,0.4611,40.98770880000001,Sell
2022-12-27,INDIGO,EQ,1958.3,1963.0,2034.5,1962.0,2023.0,2027.75,2001.07,650703,130210286515000.02,25208,156452,0.2404,2091.83844,Sell
2022-12-27,INCREDIBLE,EQ,21.6,22.0,23.2,21.6,23.15,22.95,22.59,13475,30441495000.0,122,10874,0.807,25.4091168,Sell
2022-12-27,INDIAGLYCO,EQ,735.55,741.0,773.05,741.0,767.0,765.25,758.85,76183,5781173330000.0,6270,35554,0.4667,789.6814976000001,Sell
2022-12-27,IFGLEXPOR,EQ,247.6,250.4,272.0,248.4,271.55,268.1,261.17,42884,1119998850000.0,2439,24246,0.5654,272.648,Sell
2022-12-27,INDIANB,EQ,289.2,292.0,294.85,287.0,287.9,288.55,289.79,1701370,49304672195000.0,24464,325087,0.1911,304.0002,Sell
2022-12-27,INDOCO,EQ,379.85,385.75,404.5,380.55,398.8,395.5,395.97,136378,5400167250000.0,9816,32674,0.2396,409.046,Sell
2022-12-27,IMPAL,EQ,720.55,727.75,733.2,722.5,729.95,729.9,730.22,533,38920720000.0,67,322,0.6041,754.7774431999999,Sell
2022-12-27,INDIANCARD,EQ,226.8,227.95,237.6,223.1,227.05,232.65,230.64,9752,224919815000.0,496,4127,0.4232,201.1013978966497,Buy
2022-12-27,INFOMEDIA,EQ,4.95,4.75,5.15,4.75,5.15,5.15,5.1,17262,8804205000.0,67,13117,0.7599,5.714608448000001,Sell
2022-12-27,INDSWFTLTD,EQ,12.65,12.9,14.05,12.0,13.35,13.6,13.33,618266,824055160000.0,1599,355953,0.5757,9.1,Buy
2022-11-16,INDOTHAI,EQ,278.95,289.95,292.85,271.1,292.85,292.85,290.33,23764,689936335000.0,469,14564,0.6137,240.61391551132735,Buy
2022-12-27,INDSWFTLAB,EQ,64.65,65.05,66.8,64.5,66.1,66.2,66.0,126119,832392825000.0,1467,72624,0.5758,68.79881321704191,Sell
2022-12-27,INDUSTOWER,EQ,191.4,192.0,195.0,191.7,194.35,194.0,193.42,966816,18700438515000.0,10615,425999,0.44060000000000005,200.29801448448003,Sell
2022-12-27,IPCALAB,EQ,848.2,848.2,859.7,845.25,856.15,855.75,852.52,226639,19321341230000.0,9832,65173,0.2876,903.163,Sell
2022-12-27,INSECTICID,EQ,732.65,731.0,754.0,731.0,740.0,738.45,744.44,21011,1564146010000.0,1647,13841,0.6587999999999999,784.6646656,Sell
2022-12-27,IOB,EQ,31.2,32.45,34.2,31.35,33.25,33.3,32.81,289659715,950300433495000.1,176008,16078574,0.0555,35.45892320000001,Sell
2022-12-27,IRFC,EQ,30.35,31.3,32.4,31.05,32.15,32.1,31.71,89075438,282468801235000.0,101530,16081940,0.18050000000000002,36.145579999999995,Sell
2022-12-27,IOLCP,EQ,386.45,386.45,389.35,370.15,373.0,372.2,378.71,698463,26451626800000.0,19317,226313,0.324,349.26224,Buy
2022-12-27,ISMTLTD,EQ,50.2,51.0,55.0,50.65,54.2,54.5,53.08,475238,2522773390000.0,3608,269746,0.5676,55.147828096,Sell
2022-12-27,IWEL,EQ,869.3,875.9,912.75,856.85,912.75,912.65,885.34,1849,163699370000.0,258,797,0.43100000000000005,831.3,Buy
2022-11-16,JAIPURKURT,EQ,100.15,99.0,105.15,96.5,104.1,104.8,104.7,135501,1418737700000.0,479,107352,0.8219,116.858,Sell
2022-12-27,JAYAGROGN,EQ,166.5,168.15,177.0,168.15,174.6,174.7,174.27,35884,625341145000.0,1473,21984,0.6126,179.63895999999997,Sell
2022-12-27,IZMO,EQ,73.3,74.75,75.5,73.35,75.0,74.65,74.5,25802,192215940000.0,307,13099,0.5077,82.50156,Sell
2022-12-27,JINDALSTEL,EQ,528.35,535.05,578.65,532.0,574.45,575.95,562.72,15063600,847664574490000.0,164647,4396977,0.2919,522.0,Buy
2022-12-27,JINDALPHOT,EQ,289.55,299.95,347.45,294.0,347.45,347.45,336.1,98317,3304413445000.0,4301,37219,0.3786,270.0,Buy
2022-12-27,JAGSNPHARM,EQ,368.7,366.95,376.45,361.25,365.05,364.8,367.23,29125,1069560140000.0,1399,17236,0.5918,407.25,Sell
2022-12-27,JBMA,EQ,472.8,478.4,525.0,467.9,523.25,517.5,507.35,2641122,133998263640000.02,69538,567327,0.21480000000000002,434.04335532544,Buy
2022-12-27,ISFT,EQ,123.4,123.2,127.9,120.7,127.9,127.05,124.96,13054,163126920000.0,216,9345,0.7159000000000001,133.95698958197832,Sell
2022-12-27,JETFREIGHT,EQ,18.9,19.8,21.55,19.0,20.4,20.4,19.73,781911,1542490940000.0,2198,128695,0.16460000000000002,22.472178053119997,Sell
2022-12-27,JINDALSAW,EQ,94.45,95.1,100.65,95.1,100.4,99.85,98.13,1816421,17824780850000.0,10537,588108,0.32380000000000003,106.05544,Sell
2022-12-27,JKIL,EQ,263.0,267.0,273.5,263.3,271.5,271.65,269.53,106544,2871665180000.0,4479,45313,0.4253,289.23276608000003,Sell
2022-12-27,JINDWORLD,EQ,432.4,433.95,448.4,426.5,431.0,430.6,438.95,367997,16153306950000.0,11593,85191,0.23149999999999998,410.0,Buy
2022-12-27,JAIBALAJI,EQ,54.3,54.9,59.9,54.5,59.35,58.75,57.1,526786,3008105400000.0,2819,276929,0.5257000000000001,52.81899673467583,Buy
2022-12-27,JWL,EQ,87.95,88.95,91.5,87.5,88.5,88.7,89.46,333485,2983317065000.0,2890,157485,0.4722,94.7807328,Sell
2022-12-27,JSLHISAR,EQ,385.25,387.35,393.55,380.0,386.9,386.25,388.1,99872,3876030450000.0,4905,36929,0.36979999999999996,405.78864,Sell
2022-12-27,JSWSTEEL,EQ,732.2,735.9,769.3,734.45,763.65,764.95,758.42,4992699,378657613295000.0,97227,1104985,0.2213,722.4,Buy
2022-12-27,JPOLYINVST,EQ,445.65,457.4,467.9,446.1,467.9,467.9,458.29,13013,596375035000.0,465,6390,0.49100000000000005,507.06984,Sell
2022-12-27,JUBLFOOD,EQ,521.3,523.5,527.5,517.0,521.0,519.65,520.76,1381797,71958819720000.0,44955,574272,0.4156,534.186,Sell
2022-12-27,JUSTDIAL,EQ,578.1,579.0,591.0,577.75,580.8,581.75,581.61,65015,3781336035000.0,3098,13694,0.21059999999999998,626.5943,Sell
2022-12-27,KALYANKJIL,EQ,121.75,125.0,125.7,120.7,123.7,124.0,123.46,6715085,82901383545000.0,30576,850138,0.1266,129.4115488,Sell
2022-12-27,JSWISPL,EQ,31.05,31.6,32.6,31.1,32.4,32.35,32.12,1882699,6047668685000.0,2302,912468,0.4847,30.0,Buy
2022-12-27,KALPATPOWR,EQ,537.05,537.3,543.85,523.3,537.0,536.7,531.89,118593,6307891285000.0,6245,33633,0.2836,567.749490688,Sell
2022-12-27,JSLHISAR,EQ,385.25,387.35,393.55,380.0,386.9,386.25,388.1,99872,3876030450000.0,4905,36929,0.36979999999999996,405.78864,Sell
2022-12-27,JSWHL,EQ,4113.35,4130.95,4339.95,4130.95,4272.0,4233.9,4249.08,2099,891882540000.0,727,755,0.3597,4373.728715809381,Sell
2022-12-27,KARURVYSYA,EQ,108.65,108.95,111.3,107.6,109.35,109.05,108.9,2882417,31389373970000.0,15777,610826,0.2119,115.54462,Sell
2022-11-16,KHAITANLTD,EQ,56.0,56.0,59.5,56.0,56.25,57.1,57.5,16651,95743855000.0,381,6432,0.4511,48.72067099392,Buy
2022-12-05,KHANDSE,EQ,38.4,37.1,39.25,37.1,39.25,38.25,37.85,17024,64441690000.0,321,13295,0.7809999999999999,42.82017166911999,Sell
2022-11-21,KELLTONTEC,EQ,63.0,64.1,64.1,61.9,62.25,62.1,62.49,139843,873887630000.0001,1866,94635,0.6767000000000001,68.7,Sell
2022-12-27,KAYNES,EQ,703.85,705.0,724.95,704.95,722.45,721.7,717.64,123539,8865594365000.0,7216,49932,0.4042,726.0403579209337,Sell
2022-12-27,KEC,EQ,468.35,470.7,483.7,470.4,481.45,481.4,478.94,315054,15089298605000.002,25518,116969,0.3713,507.12306,Sell
2022-12-27,KCPSUGIND,EQ,26.85,28.5,31.5,27.9,31.25,31.05,30.3,3587318,10870222515000.0,10901,1328545,0.3703,33.8436,Sell
2022-12-27,KIRLFER,EQ,327.65,333.7,364.8,318.6,359.95,359.45,349.85,967378,33844018875000.0,20622,285556,0.2952,301.3,Buy
2022-12-27,KITEX,EQ,176.35,179.5,204.0,179.5,199.3,200.45,198.72,2012652,39995840940000.0,25708,248675,0.1236,168.05,Buy
2022-12-27,KDDL,EQ,985.55,1024.9,1049.95,1002.15,1045.0,1037.65,1024.5,13414,1374267170000.0,2517,6604,0.49229999999999996,1115.07368,Sell
2022-12-27,KIOCL,EQ,192.6,196.0,216.0,194.45,213.0,212.6,207.83,194392,4040014995000.0005,6042,45347,0.23329999999999998,228.2929536,Sell
2022-12-27,KEYFINSERV,EQ,97.45,102.45,102.45,97.25,99.0,99.25,99.11,5274,52272330000.0,193,2766,0.5245000000000001,105.1971648,Sell
2022-12-27,KOHINOOR,EQ,54.6,55.4,56.8,54.75,55.6,55.2,55.44,118890,659107045000.0,1944,44685,0.37590000000000007,62.49114,Sell
2022-12-27,KHAICHEM,EQ,72.85,73.95,76.1,73.3,75.3,75.05,74.78,220004,1645115500000.0,3004,110173,0.5008,83.73968319999999,Sell
2022-12-27,KOTARISUG,EQ,42.95,44.95,46.45,43.4,44.7,44.6,44.64,1045187,4665293020000.0,5548,384749,0.36810000000000004,52.35204,Sell
2022-12-27,KMSUGAR,EQ,27.6,28.6,31.4,28.1,30.7,30.7,29.79,1915841,5707077900000.0,5623,646423,0.33740000000000003,33.647831552,Sell
2022-12-27,KICL,EQ,1833.45,1853.25,1898.0,1845.05,1898.0,1869.8,1858.41,464,86230155000.0,140,365,0.7866,1918.2869614108365,Sell
2022-12-27,KIRLOSIND,EQ,1903.35,1913.35,1919.45,1871.75,1899.0,1903.15,1900.69,4472,849988580000.0001,661,2880,0.644,1975.7665951359998,Sell
2022-12-27,KOTHARIPET,EQ,68.6,68.25,70.4,68.25,69.5,69.35,69.35,69041,478817780000.0,911,23865,0.3457,73.81292,Sell
2022-12-27,KOPRAN,EQ,150.65,151.0,159.4,151.0,154.0,154.25,156.14,369697,5772338405000.0,6154,100805,0.2727,167.2,Sell
2022-12-27,KIRLOSENG,EQ,307.15,312.0,324.9,309.0,320.4,323.25,316.1,373543,11807824610000.0,7081,219465,0.5875,342.40752321317206,Sell
2022-12-27,KOTHARIPRO,EQ,137.55,138.0,149.95,136.3,146.0,145.65,143.94,81974,1179896705000.0,1912,53048,0.6470999999999999,120.518,Buy
2022-12-27,KPITTECH,EQ,689.25,694.7,706.9,689.0,696.0,696.95,697.31,741070,51675513560000.0,22852,198610,0.268,727.41,Sell
2022-12-27,KRIDHANINF,EQ,3.5,3.7,3.95,3.55,3.75,3.8,3.79,236164,89575365000.0,243,102857,0.4355,4.229091361340111,Sell
2022-12-27,KRITI,EQ,75.1,75.8,80.85,75.2,79.0,79.4,78.06,40248,314173855000.0,3415,11151,0.2771,83.30396901857434,Sell
2022-12-27,LATENTVIEW,EQ,362.1,365.0,372.8,360.0,365.5,365.85,367.02,612175,22467850685000.0,14719,225828,0.3689,320.0,Buy
2022-12-27,KRISHANA,EQ,440.0,446.5,458.7,436.1,438.3,439.55,448.66,76654,3439122595000.0005,3963,35830,0.46740000000000004,483.54336,Sell
2022-12-27,LGBFORGE,EQ,10.25,10.45,10.7,10.1,10.5,10.35,10.35,158676,164268470000.0,348,105994,0.668,11.412999999999998,Sell
2022-12-27,KREBSBIO,EQ,108.65,110.15,110.15,107.5,109.1,108.45,108.5,2860,31030145000.0,116,2299,0.8038,119.42976,Sell
2022-12-27,LASA,EQ,32.9,33.85,33.85,32.5,33.45,33.05,33.12,23504,77843980000.0,300,13202,0.5617,37.472300000000004,Sell
2022-12-27,KSOLVES,EQ,420.1,426.4,432.0,410.6,422.45,416.95,419.1,13317,558114675000.0,1722,6083,0.4568,459.449,Sell
2022-12-27,KUANTUM,EQ,137.4,137.95,149.8,134.5,146.95,146.75,142.01,150733,2140519645000.0,2788,48600,0.3224,156.57352,Sell
2022-12-27,LAMBODHARA,EQ,95.0,96.8,99.25,94.55,97.5,97.4,97.28,13257,128969755000.0,392,8065,0.6084,107.4930144,Sell
2022-12-27,LAXMICOT,EQ,22.5,22.6,23.25,22.6,22.8,22.95,23.0,10525,24206450000.0,91,7537,0.7161,26.01696,Sell
2022-12-27,KSL,EQ,338.4,340.1,364.9,340.1,364.0,361.45,355.36,75661,2688672525000.0,5952,29013,0.3835,387.812,Sell
2022-12-27,LICI,EQ,688.0,693.5,698.7,681.55,691.4,692.6,690.78,1862730,128674007490000.02,42916,614141,0.3297,745.108064,Sell
2022-12-27,LICHSGFIN,EQ,407.85,409.9,417.8,405.65,414.3,413.85,412.86,1449275,59834122035000.0,34498,360034,0.2484,426.79872,Sell
2022-12-27,LPDC,EQ,7.25,7.3,7.8,7.25,7.4,7.35,7.47,295450,220802785000.0,669,133663,0.4524,8.221205375999999,Sell
2022-12-05,LOTUSEYE,EQ,91.65,95.0,98.0,92.5,94.2,93.65,94.06,49806,468479950000.0,1172,32937,0.6613,86.048,Buy
2022-12-27,LSIL,EQ,15.35,15.95,16.6,15.15,16.15,16.0,15.93,9550893,15217245285000.0,12446,4038294,0.4228,18.1664896,Sell
2022-12-27,LINCOLN,EQ,341.4,343.95,347.45,340.25,342.35,342.65,342.69,43815,1501475425000.0,1839,31342,0.7153,377.13138000000004,Sell
2022-12-27,LYKALABS,EQ,131.3,132.55,135.5,125.0,129.0,129.45,130.35,138654,1807385595000.0,2542,64658,0.46630000000000005,144.7,Sell
2022-12-27,MADRASFERT,EQ,71.65,74.7,75.2,72.3,75.2,75.2,74.8,2301562,17215001165000.0,3583,484370,0.21050000000000002,94.21168,Sell
2022-12-27,LINDEINDIA,EQ,3366.15,3396.6,3461.0,3373.9,3422.0,3425.6,3423.21,45458,15561229330000.002,8037,13256,0.2916,3575.0,Sell
2022-12-27,MAHABANK,EQ,29.4,30.45,31.55,29.5,31.4,31.2,30.59,83086560,254157090085000.0,76120,13351345,0.1607,34.586871648,Sell
2022-12-27,MAGADSUGAR,EQ,307.5,317.0,348.0,312.6,325.0,322.7,324.22,74314,2409445410000.0,3389,21358,0.2874,351.9163904,Sell
2022-12-27,MAGNUM,EQ,18.45,19.0,20.2,17.9,19.8,19.55,19.51,199249,388735640000.0,950,97988,0.4918,20.65032,Sell
2022-12-27,MAHLOG,EQ,481.35,484.75,488.8,472.7,488.8,484.9,480.65,54700,2629134075000.0,4940,15782,0.28850000000000003,451.85,Buy
2022-12-27,MAHINDCIE,EQ,313.35,317.5,328.8,317.5,328.8,325.55,323.8,751241,24325024125000.0,17526,208634,0.2777,343.65900000000005,Sell
2022-12-27,MAITHANALL,EQ,927.6,934.0,984.9,934.0,978.0,977.1,958.44,46684,4474380805000.0,3933,21085,0.45170000000000005,1020.5846,Sell
2022-12-27,MALUPAPER,EQ,38.3,38.5,39.8,37.1,37.65,37.85,38.09,89047,339176595000.0,921,46118,0.5179,35.1,Buy
2022-12-27,MAHLIFE,EQ,366.6,366.95,369.6,362.95,365.9,365.6,366.12,33558,1228614875000.0,2259,16889,0.5033,380.36167680961006,Sell
2022-12-27,MANALIPETC,EQ,78.85,79.9,80.7,78.65,80.1,80.05,79.83,141802,1131987285000.0,2471,66586,0.4696,85.6142352,Sell
2022-12-27,MARKSANS,EQ,60.55,60.85,60.95,59.7,60.2,60.05,60.17,1360581,8187022309999.999,4709,594460,0.4369,63.380559999999996,Sell
2022-12-27,MANUGRAPH,EQ,15.1,14.9,16.6,14.9,16.6,16.6,16.34,83513,136421870000.0,311,52027,0.623,17.008575424,Sell
2022-12-27,MAWANASUG,EQ,88.75,92.25,100.4,91.5,99.9,98.8,95.83,1299717,12454554175000.0,13765,383585,0.29510000000000003,112.47264000000001,Sell
2022-12-27,MAXIND,EQ,100.6,102.05,105.0,99.0,103.8,103.25,101.91,139021,1416744855000.0,2076,59661,0.4292,111.32679999999999,Sell
2022-12-27,MAZDA,EQ,643.5,646.7,660.0,635.25,645.0,652.35,646.91,3785,244857265000.0,707,1819,0.4806,683.77136,Sell
2022-12-27,MARICO,EQ,518.45,521.75,523.65,518.0,519.9,518.9,520.31,464951,24191885385000.0,23182,208381,0.4482,531.6127158609439,Sell
2022-12-27,MARSHALL,EQ,25.8,25.55,27.15,25.55,27.05,26.9,26.52,22890,60710600000.0,314,7452,0.32560000000000006,29.119532981525623,Sell
2022-12-27,MITCON,EQ,58.2,58.15,61.1,58.15,61.1,61.1,60.98,52466,319916425000.0,127,49485,0.9431999999999999,62.60156512,Sell
2022-12-27,MCLEODRUSS,EQ,27.55,28.0,28.9,27.6,28.9,28.9,28.5,575517,1640273060000.0,1378,354558,0.6161,32.47471999999999,Sell
2022-12-27,MENONBE,EQ,98.45,99.9,101.1,97.15,99.2,98.95,99.25,147347,1462411375000.0,2321,87012,0.5905,81.75,Buy
2022-12-27,MHLXMIRU,EQ,233.2,238.8,252.8,229.8,246.0,249.3,244.32,68985,1685415650000.0,3203,24132,0.3498,264.98436000000004,Sell
2022-12-27,MEDICAMEQ,EQ,800.2,816.2,835.0,791.1,825.0,825.1,812.32,4712,382764850000.0,629,2202,0.4673,888.4217087999999,Sell
2022-12-27,MIRCELECTR,EQ,18.1,18.3,19.6,17.5,19.1,19.05,19.02,2162067,4112898529999.9995,3732,957876,0.443,21.09232,Sell
2022-12-27,MODISONLTD,EQ,68.2,68.8,70.85,68.2,68.5,68.95,69.21,13682,94696580000.0,239,7837,0.5728,73.12724,Sell
2022-12-27,MOTHERSON,EQ,71.7,71.85,73.6,71.7,73.3,73.45,72.98,19155264,139802113395000.0,45569,9265950,0.48369999999999996,66.1,Buy
2022-12-27,MMP,EQ,125.25,127.7,128.1,124.05,127.9,127.3,126.4,5991,75724265000.0,204,3788,0.6323,130.104367641088,Sell
2022-12-27,MOLDTECH,EQ,115.7,116.75,119.4,115.0,116.1,117.25,117.25,99319,1164536405000.0,3179,38263,0.38530000000000003,130.4079648,Sell
2022-12-27,MOLDTKPAC,EQ,901.95,903.0,954.95,900.0,935.55,939.6,930.4,40086,3729594679999.9995,5577,18927,0.4722,959.7846,Sell
2022-12-27,MOREPENLAB,EQ,39.05,36.8,40.75,36.4,37.1,37.0,38.05,26785402,101924882675000.0,51847,4561088,0.1703,34.1324,Buy
2022-12-27,MOTILALOFS,EQ,686.15,683.35,699.95,683.3,699.5,696.5,690.31,38872,2683360640000.0,2412,19088,0.49100000000000005,727.279,Sell
2022-12-27,MOTOGENFIN,EQ,26.7,26.7,26.7,26.0,26.45,26.4,26.35,2886,7603835000.000001,35,2166,0.7505,30.57626,Sell
2022-12-27,MRO-TEK,EQ,58.3,59.5,61.9,59.0,59.1,59.8,59.7,11675,69703115000.0,246,5214,0.4466,65.441792,Sell
2022-12-27,MSPL,EQ,9.15,9.25,9.9,9.25,9.7,9.65,9.65,622780,600892065000.0,1110,337488,0.5418999999999999,10.519079999999999,Sell
2022-12-27,NACLIND,EQ,90.5,91.2,96.25,89.75,94.0,94.05,94.48,531136,5018238185000.0,4989,269521,0.5074000000000001,81.5,Buy
2022-12-27,MSUMI,EQ,57.1,57.6,59.7,57.3,58.95,59.05,58.79,2093963,12311333850000.0,14956,1030343,0.49210000000000004,60.04695338635264,Sell
2022-12-27,NAHARSPING,EQ,266.35,270.35,285.9,267.05,281.65,281.95,275.61,33721,929383644999.9999,2218,14374,0.4263,319.68,Sell
2022-12-27,NATIONALUM,EQ,74.05,75.0,79.4,74.85,78.95,78.85,77.84,24136229,187874954705000.0,50151,5492614,0.22760000000000002,79.98975039999999,Sell
2022-12-27,MUKANDLTD,EQ,114.0,115.6,128.95,115.0,127.5,126.8,124.24,475475,5907524215000.0,8077,231530,0.4869,129.58112000000003,Sell
2022-12-27,NAHARCAP,EQ,311.9,312.0,321.9,310.7,317.9,318.7,316.4,14086,445687480000.0,1805,5053,0.35869999999999996,322.43519250168833,Sell
2022-12-27,NDTV,EQ,343.3,348.0,350.95,336.2,338.0,338.45,342.01,619823,21198742220000.0,9281,349617,0.5640999999999999,382.0975264,Sell
2022-12-27,NAZARA,EQ,553.9,560.0,569.85,554.05,568.5,566.75,561.73,112194,6302294870000.0,6894,37828,0.3372,622.7744704,Sell
2022-12-14,NEXTMEDIA,EQ,6.6,6.9,7.25,6.4,7.25,7.25,6.98,86650,60507375000.0,223,65657,0.7576999999999999,5.978482377637888,Buy
2022-12-27,NAVA,EQ,210.05,211.0,245.65,207.65,243.3,242.75,234.02,4357698,101980421325000.0,50108,1066193,0.2447,199.4,Buy
2022-12-27,NIACL,EQ,114.1,115.2,116.95,112.5,113.5,113.5,114.49,2104843,24098571815000.0,14704,347181,0.1649,140.91648,Sell
2022-12-27,NIBL,EQ,21.2,21.65,21.95,20.6,21.4,21.45,21.29,4470,9518085000.0,50,2726,0.6098,22.467597888,Sell
2022-12-27,NECCLTD,EQ,25.2,26.25,26.25,25.1,25.3,25.45,25.53,57519,146819985000.0,367,25076,0.436,26.4,Sell
2022-12-27,NEULANDLAB,EQ,1613.8,1616.5,1719.0,1593.05,1691.0,1690.65,1670.18,41537,6937423965000.001,6250,14518,0.34950000000000003,1751.8113163883777,Sell
2022-12-27,NMDC,EQ,115.85,117.5,120.55,117.15,119.85,119.5,119.46,12069299,144175621355000.0,53255,4697214,0.38920000000000005,126.13422,Sell
2022-12-27,NORBTEAEXP,EQ,8.1,7.7,8.2,7.7,8.1,8.1,8.11,801,649810000.0,7,801.0,1.0,8.55,Sell
2022-12-27,NURECA,EQ,522.2,528.0,543.0,497.5,503.0,501.8,509.01,508717,25894233415000.0,16412,110565,0.21730000000000002,591.0,Sell
2022-12-27,NITINSPIN,EQ,191.2,195.0,205.0,192.35,204.9,203.9,200.14,200176,4006413254999.9995,5760,110053,0.5498,183.0,Buy
2022-12-27,OLECTRA,EQ,493.75,497.05,520.0,497.05,514.25,513.9,510.34,194637,9933168185000.0,7180,93872,0.4823,559.42342816,Sell
2022-12-27,NITIRAJ,EQ,74.75,74.95,81.0,72.65,74.05,77.9,78.15,12870,100582620000.0,288,5967,0.4636,68.6,Buy
2022-12-27,NRBBEARING,EQ,146.6,147.35,149.5,145.8,146.1,146.55,147.25,74356,1094905405000.0001,2184,38747,0.5211,158.18274,Sell
2022-12-27,NOCIL,EQ,231.05,232.25,235.65,229.75,234.0,234.05,232.51,250169,5816790565000.0,5893,96056,0.384,245.95568,Sell
2022-11-02,OMKARCHEM,EQ,26.5,25.2,25.2,25.2,25.2,25.2,25.2,17922,45163440000.0,104,17922,1.0,21.160330674264472,Buy
2022-12-27,NOIDATOLL,EQ,7.8,8.1,8.1,7.8,7.85,7.85,7.85,65133,51114350000.0,179,46655,0.7162999999999999,8.335311200000001,Sell
2022-12-27,OIL,EQ,202.05,203.1,210.9,203.1,209.45,209.9,208.55,836895,17453360194999.998,15642,345516,0.4129,216.4775232,Sell
2022-12-27,OCCL,EQ,770.85,770.0,784.0,766.05,774.55,778.25,773.94,5726,443157190000.00006,765,3166,0.5529000000000001,805.6199055999999,Sell
2022-12-27,OMINFRAL,EQ,38.0,38.7,41.6,38.0,41.0,40.65,40.12,220237,883649210000.0,1541,112446,0.5106,43.00760902057574,Sell
2022-12-27,ONGC,EQ,141.3,142.1,145.4,142.1,144.45,144.8,144.13,8765357,126334793225000.0,64767,3062996,0.3494,148.74766326399998,Sell
2022-12-27,ORISSAMINE,EQ,2787.15,2783.05,2926.5,2783.05,2926.5,2926.5,2895.34,3069,888581315000.0,823,1551,0.5054,3082.88502,Sell
2022-12-27,ORIENTABRA,EQ,28.3,28.6,29.4,28.55,28.6,28.8,28.84,39657,114355295000.0,328,29627,0.7471,31.935439999999996,Sell
2022-12-27,PALREDTEC,EQ,156.2,161.75,165.0,157.55,158.9,159.7,161.33,13458,217114904999.99997,319,9480,0.7044,187.4952,Sell
2022-12-27,ORIENTPPR,EQ,36.5,36.9,37.6,36.4,37.0,36.8,36.87,1133366,4178163020000.0005,4090,441142,0.38920000000000005,40.5322,Sell
2022-12-27,ORBTEXP,EQ,154.1,154.5,155.65,151.0,152.2,152.85,153.15,11381,174295990000.0,535,6653,0.5846,160.40993440000003,Sell
2022-12-27,PANAMAPET,EQ,339.2,340.7,345.95,335.9,343.4,341.9,341.26,95479,3258320260000.0,4314,30210,0.3164,373.04573999999997,Sell
2022-12-27,PARSVNATH,EQ,9.2,9.8,10.1,9.2,9.6,9.55,9.67,587140,567940800000.0,900,314012,0.5347999999999999,11.24736,Sell
2022-12-27,PATINTLOG,EQ,13.55,13.7,14.2,13.45,14.05,14.1,13.87,278333,386155835000.0,655,164539,0.5912,16.1527808,Sell
2022-12-27,PARAGMILK,EQ,105.8,108.1,109.6,104.75,105.4,105.5,106.72,520778,5557638775000.0,7554,150832,0.2896,110.30996047999999,Sell
2022-12-27,PALASHSECU,EQ,130.5,132.1,143.55,132.1,142.45,140.7,141.41,14974,211752250000.0,461,7847,0.524,121.74387373239571,Buy
2022-12-27,PAYTM,EQ,504.35,509.0,517.8,509.0,513.0,512.85,513.19,1837698,94308940315000.0,50385,471092,0.2563,551.18498,Sell
2022-12-27,ORIENTALTL,EQ,8.1,8.4,8.55,7.9,8.3,8.25,8.19,70744,57932685000.0,256,38696,0.547,8.944830733299966,Sell
2022-12-27,PEARLPOLY,EQ,23.55,23.55,25.5,23.2,23.9,23.85,24.24,248478,602209815000.0,952,103641,0.4171,26.585550464808605,Sell
2022-12-27,PFS,EQ,15.75,16.05,16.25,15.65,16.0,16.05,16.0,419714,671620150000.0,874,292719,0.6973999999999999,12.957,Buy
2022-12-27,PETRONET,EQ,209.85,209.85,212.05,209.45,211.8,211.9,211.0,824369,17394075050000.0,12584,392704,0.4764,219.20216000000002,Sell
2022-12-27,PIIND,EQ,3482.95,3493.0,3540.0,3476.15,3480.0,3481.35,3495.84,165972,58021077825000.0,14216,80044,0.4823,3617.248,Sell
2022-12-27,PGEL,EQ,1065.1,1070.0,1129.0,1066.95,1120.0,1119.85,1104.59,41743,4610888640000.0,5138,20685,0.4955,1170.874,Sell
2022-12-27,PNCINFRA,EQ,282.05,288.0,290.8,281.8,286.0,285.55,285.9,837834,23954021020000.0,20648,584631,0.6978,311.9155204,Sell
2022-12-27,PGHL,EQ,4064.15,4064.2,4139.0,4054.85,4123.0,4113.65,4098.64,6406,2625591600000.0,2258,4296,0.6706000000000001,4226.553164821643,Sell
2022-12-27,PILITA,EQ,8.25,8.2,8.5,8.1,8.2,8.15,8.23,235662,194025975000.0,395,206360,0.8756999999999999,9.1505984,Sell
2022-12-27,POLICYBZR,EQ,456.9,458.0,477.95,458.0,466.0,465.05,467.84,1813687,84852342680000.0,46053,711408,0.3922,487.2757888,Sell
2022-12-27,PONNIERODE,EQ,380.3,400.0,447.0,390.05,445.0,441.4,420.41,470320,19772945835000.0,12679,143097,0.3043,450.6638,Sell
2022-12-27,PNBHOUSING,EQ,487.75,492.35,513.1,484.45,507.9,509.55,500.05,1684961,84255672975000.0,39443,261586,0.1552,460.0,Buy
2022-12-27,POWERINDIA,EQ,3286.5,3289.9,3325.0,3267.0,3319.0,3304.9,3298.26,15451,5096140375000.0,3817,6232,0.4033,3529.444,Sell
2022-12-14,PPAP,EQ,258.95,258.0,280.35,251.0,277.0,277.15,272.62,111134,3029772760000.0,4116,59171,0.5324,244.8784,Buy
2022-12-27,PRAENG,EQ,15.45,15.5,16.25,15.0,15.4,15.35,15.6,121608,189767975000.0,474,71513,0.5881000000000001,18.6817,Sell
2022-12-27,PTC,EQ,77.15,77.7,81.0,77.55,78.75,78.35,79.14,541099,4282490195000.0005,3293,348642,0.6443000000000001,67.698,Buy
2022-12-27,PRUDENT,EQ,911.85,930.0,945.05,907.3,910.1,917.1,921.69,40917,3771279504999.9995,9893,14678,0.35869999999999996,1025.58464,Sell
2022-12-27,PSPPROJECT,EQ,671.3,676.0,684.9,666.45,680.0,681.2,677.22,96547,6538373670000.0,5499,36562,0.3787,742.4801199999999,Sell
2022-12-27,PROZONINTU,EQ,27.6,28.05,30.5,28.05,29.2,29.0,29.26,866230,2534928370000.0,2742,425004,0.49060000000000004,34.10128,Sell
2022-12-27,PRAKASHSTL,EQ,4.95,5.05,5.15,4.9,5.0,4.95,5.0,596277,298251605000.0,766,313121,0.5251,5.4084200000000004,Sell
2022-12-14,PRITI,EQ,170.8,170.0,181.7,169.55,174.0,172.1,174.71,22660,395897010000.0,913,11507,0.5078,158.32645818312133,Buy
2022-11-29,RADAAN,EQ,1.9,1.9,1.9,1.9,1.9,1.9,1.9,11032,2096080000.0,20,10932,0.9909,1.641457095665628,Buy
2022-12-27,RADIOCITY,EQ,25.1,25.15,25.2,24.9,25.0,25.1,25.05,243958,611184685000.0,365,199442,0.8175,23.806338569254404,Buy
2022-12-27,PREMIERPOL,EQ,95.35,99.95,103.5,95.35,101.9,99.9,100.4,101193,1015971355000.0001,2232,32228,0.3185,106.34247832192409,Sell
2022-12-27,PRIMESECU,EQ,99.85,100.4,100.4,98.2,99.85,99.35,99.17,11431,113359605000.0,155,6278,0.5492,101.95771386736173,Sell
2022-12-27,RAJSREESUG,EQ,52.85,55.0,55.45,53.5,55.45,55.45,55.18,133990,739353795000.0,679,79579,0.5939,69.468,Sell
2022-12-27,RAMANEWS,EQ,15.0,14.9,15.4,14.9,15.1,15.1,15.13,30567,46254675000.0,111,25083,0.8206,17.37724,Sell
2022-12-27,RBLBANK,EQ,160.5,160.5,167.8,159.3,167.3,166.4,164.14,15352649,252005134885000.0,58380,3361865,0.219,169.36836,Sell
2022-12-27,RANASUG,EQ,24.7,26.0,26.65,25.2,26.5,26.45,26.06,2663818,6942234715000.001,6553,1089116,0.40890000000000004,31.233340800000004,Sell
2022-12-27,RAMCOCEM,EQ,699.85,700.0,714.75,700.0,705.0,705.55,708.64,366277,25955909405000.0,14284,145178,0.39640000000000003,734.46048,Sell
2022-12-27,RAYMOND,EQ,1451.25,1450.5,1473.35,1410.0,1420.4,1420.2,1444.43,571406,82535679875000.0,27246,121031,0.2118,1624.6152,Sell
2022-12-27,RENUKA,EQ,54.6,56.9,58.55,56.6,57.9,57.7,57.56,27052516,155711036320000.0,49093,4745453,0.1754,62.930163199999996,Sell
2022-12-27,REMSONSIND,EQ,237.2,239.5,248.8,239.1,247.85,246.85,244.19,1285,31379040000.000004,140,431,0.3354,271.7244318629806,Sell
2022-12-27,RHIM,EQ,800.25,811.85,819.5,795.05,813.75,811.6,812.71,405156,32927543539999.996,14389,73953,0.1825,848.691296,Sell
2022-12-27,REPL,EQ,134.4,136.35,148.9,134.8,141.5,142.55,142.28,22856,325197120000.0,550,10100,0.44189999999999996,149.283120896,Sell
2022-12-27,ROLLT,EQ,1.5,1.45,1.45,1.45,1.45,1.45,1.45,79279,11495455000.0,160,79279,1.0,1.75,Sell
2022-12-27,RPPINFRA,EQ,38.55,38.55,39.2,38.2,38.85,38.9,38.67,74921,289709350000.0,564,39110,0.522,45.111920000000005,Sell
2022-12-27,RGL,EQ,93.45,94.9,99.85,93.3,94.0,94.55,95.83,105923,1015060490000.0,1520,10804,0.102,108.17334,Sell
2022-12-27,RKFORGE,EQ,253.75,255.0,259.5,251.1,258.0,257.8,256.3,345212,8847939860000.0,7491,134581,0.3899,271.44552,Sell
2022-12-27,RKEC,EQ,43.35,43.9,45.9,43.25,45.0,44.55,44.23,7590,33568259999.999996,113,4314,0.5684,48.62821977187021,Sell
2022-12-27,RUSHIL,EQ,422.95,428.9,430.95,415.05,425.05,426.65,423.99,33528,1421540615000.0,2624,13979,0.4169,474.33748479999997,Sell
2022-12-14,SADBHAV,EQ,18.4,18.45,18.8,17.35,18.05,17.9,17.96,1300196,2334996785000.0,3334,805407,0.6195,22.6,Sell
2022-12-27,SAKHTISUG,EQ,25.0,25.75,26.25,25.1,26.25,26.25,25.85,876751,2266645785000.0,1927,586619,0.6691,33.1559696,Sell
2022-12-27,SALSTEEL,EQ,13.55,14.2,14.2,13.7,14.2,14.2,14.15,223751,316596110000.0,341,99822,0.4461,15.852480000000002,Sell
2022-12-26,SABEVENTS,EQ,5.35,5.35,5.4,5.35,5.4,5.4,5.37,1700,913470000.0000001,7,1700,1.0,5.668947264000001,Sell
2022-12-27,SAPPHIRE,EQ,1347.8,1337.0,1395.0,1328.85,1368.0,1381.5,1355.16,234341,31756991595000.0,22092,156333,0.6670999999999999,1434.9085762480001,Sell
2022-12-27,SANDESH,EQ,803.45,790.55,964.1,790.55,964.1,964.1,914.23,81669,7466392334999.999,5759,44807,0.5486,752.0,Buy
2022-12-27,SANGINITA,EQ,21.3,21.15,25.55,20.0,24.1,23.75,24.54,515513,1265149580000.0,2018,138804,0.2693,26.178511999999998,Sell
2022-12-27,SANGHVIMOV,EQ,310.6,312.95,316.35,309.0,313.0,311.25,312.65,53708,1679177160000.0002,3108,25315,0.47130000000000005,329.70399999999995,Sell
2022-12-27,SAFARI,EQ,1668.1,1675.0,1699.0,1660.05,1686.8,1689.45,1683.0,9254,1557451440000.0,2449,4149,0.4483,1738.440325184,Sell
2022-12-27,SAREGAMA,EQ,366.05,369.8,371.75,364.4,366.9,367.4,367.2,31380,1152266980000.0,2302,16450,0.5242,381.5928,Sell
2022-12-27,SARVESHWAR,EQ,84.4,85.0,90.15,85.0,89.0,88.65,88.57,48583,430277930000.0,481,30893,0.6359,92.409441376,Sell
2022-12-27,SARDAEN,EQ,940.7,945.0,1040.0,945.0,1037.85,1020.3,997.93,45986,4589061765000.0,5484,22332,0.48560000000000003,1047.6229249920002,Sell
2022-12-27,SANOFI,EQ,5799.85,5830.4,5864.9,5786.0,5857.85,5848.55,5828.06,4979,2901790410000.0,1618,2899,0.5822,5891.9219683181755,Sell
2022-12-27,SATINDLTD,EQ,64.15,67.95,70.55,67.85,70.55,70.5,69.72,161175,1123733740000.0,1363,74344,0.46130000000000004,71.32888,Sell
2022-12-27,SELAN,EQ,222.7,232.8,244.0,227.2,243.0,241.45,238.74,139540,3331344745000.0,3871,40445,0.2898,216.5,Buy
2022-12-27,SBIN,EQ,597.1,600.4,603.1,593.3,602.0,601.9,598.21,9638618,576591274595000.0,206219,2569120,0.2665,611.789042919936,Sell
2022-12-27,SCI,EQ,135.25,136.3,137.8,132.5,133.5,133.0,134.16,1622496,21767660045000.0,12802,676822,0.4171,150.41,Sell
2022-12-27,SECURKLOUD,EQ,60.15,60.95,62.25,60.0,60.0,60.35,60.85,22173,134929845000.0,514,10611,0.4786,72.20860479999999,Sell
2022-12-27,SECURCRED,EQ,108.75,111.05,120.0,108.05,112.55,114.8,113.06,161784,1829136889999.9998,3779,36206,0.2238,134.96490240000003,Sell
2022-11-16,SETUINFRA,EQ,2.3,2.2,2.3,2.2,2.2,2.2,2.2,140880,31029259999.999996,147,112482,0.8433,2.7,Sell
2022-12-27,SHEMAROO,EQ,158.5,159.9,163.55,156.6,160.5,161.7,160.85,36836,592520895000.0,1031,16804,0.4562,181.363,Sell
2022-12-27,SHIVAMAUTO,EQ,27.55,28.5,29.9,27.85,28.95,29.25,29.01,284780,826249820000.0,1626,190076,0.6674,24.65,Buy
2022-12-27,SHYAMMETL,EQ,297.5,297.0,312.0,295.0,307.7,310.25,305.33,332426,10150079930000.0,7299,117170,0.3525,315.64128,Sell
2022-12-27,SHANTI,EQ,20.75,20.75,22.5,20.5,21.8,21.75,21.2,10859,23025115000.0,63,9358,0.8618000000000001,26.456000000000003,Sell
2022-12-27,SHOPERSTOP,EQ,688.55,698.9,704.0,675.3,698.0,695.55,689.81,79963,5515954490000.0,5598,47689,0.5964,707.71204358528,Sell
2022-12-27,SHREYANIND,EQ,142.7,144.45,150.0,143.3,147.65,148.1,146.49,29117,426523655000.0,870,11236,0.3859,161.89903999999999,Sell
2022-12-27,SILGO,EQ,24.8,25.15,25.75,24.4,25.45,25.15,25.07,5583,13999360000.0,90,2981,0.5339,29.69062,Sell
2022-12-27,SILINV,EQ,334.0,340.65,362.95,334.6,353.0,351.95,348.1,3963,137952965000.0,206,2150,0.5425,409.55434,Sell
2022-11-16,SILLYMONKS,EQ,33.55,33.5,35.3,32.55,32.6,32.9,33.42,34335,114739350000.0,293,22954,0.7358,31.15,Buy
2022-12-27,SILVERTUC,EQ,345.2,345.2,352.9,339.95,352.0,348.95,343.39,5774,198274405000.0,135,1327,0.2298,324.15,Buy
2022-12-27,SIMBHALS,EQ,25.05,25.6,26.3,25.6,26.3,26.3,26.13,232182,606611445000.0,675,148366,0.639,34.596999999999994,Sell
2022-12-27,SKMEGGPROD,EQ,130.9,136.5,137.4,132.1,133.0,133.3,134.74,79603,1072600575000.0,1545,43099,0.5414,154.53967999999998,Sell
2022-12-27,SJS,EQ,479.65,484.0,486.85,471.8,483.0,483.5,479.05,32380,1551164210000.0,3346,14847,0.4585,509.2978048,Sell
2022-12-27,SOMATEX,EQ,9.25,9.55,9.55,8.9,8.9,9.0,9.16,59187,54216225000.0,164,43575,0.7362000000000001,11.102,Sell
2022-12-05,SINTERCOM,EQ,106.6,105.0,110.9,105.0,108.95,109.35,108.61,9086,98680915000.0,114,4425,0.48700000000000004,101.24191863846207,Buy
2022-12-27,SOLARINDS,EQ,4113.0,4130.25,4167.85,4082.1,4130.0,4106.45,4110.55,18799,7727420190000.001,4754,9959,0.5297999999999999,4248.205680000001,Sell
2022-12-27,SONATSOFTW,EQ,552.9,556.65,578.0,554.05,575.0,572.95,569.46,184605,10512541110000.0,8974,78786,0.4268,523.15,Buy
2022-12-27,SMSPHARMA,EQ,84.95,84.95,86.15,82.7,84.65,84.05,84.46,73866,623837335000.0,1571,42571,0.5763,90.3946,Sell
2022-12-27,SONAMCLOCK,EQ,44.85,44.95,53.8,44.85,51.5,51.4,51.5,1248350,6428431390000.0,2233,157319,0.126,54.44312,Sell
2022-12-27,SMLT,EQ,130.65,134.9,142.0,130.1,138.0,139.25,135.45,71702,971216200000.0,2319,35021,0.48840000000000006,143.48468874123657,Sell
2022-12-27,SKIPPER,EQ,122.1,129.0,129.0,119.55,123.8,124.0,123.82,264826,3279078105000.0,3754,118860,0.44880000000000003,137.04392,Sell
2022-12-27,SPECIALITY,EQ,209.2,215.0,217.25,206.8,208.5,208.5,210.42,115959,2439957805000.0,3353,54914,0.4736,240.24128,Sell
2022-12-27,SOUTHWEST,EQ,120.5,120.0,122.7,119.3,119.45,121.95,121.83,31518,383995020000.0,186,1157,0.0367,124.4896,Sell
2022-12-27,SPIC,EQ,72.6,73.25,76.4,71.35,74.7,74.65,74.22,4030276,29910778660000.004,16071,1070210,0.2655,81.94265999999999,Sell
2022-12-27,SPTL,EQ,2.9,3.0,3.0,2.95,3.0,3.0,3.0,2558950,766978840000.0,1044,1558930,0.6092000000000001,3.2030800000000004,Sell
2022-12-27,SRF,EQ,2293.3,2305.0,2348.0,2302.6,2324.95,2325.0,2332.77,583509,136119316815000.02,42791,199002,0.341,2400.063585895731,Sell
2022-12-27,SPLPETRO,EQ,762.4,772.0,772.0,757.0,770.0,768.55,766.81,8131,623490355000.0,1184,5798,0.7131000000000001,774.8463229027145,Sell
2022-12-27,STLTECH,EQ,166.75,167.15,173.8,167.15,172.4,171.75,171.1,814814,13941353075000.0,11210,247455,0.3037,189.7684736,Sell
2022-12-27,STEL,EQ,151.8,156.5,161.95,153.05,156.4,160.4,158.48,69053,1094337510000.0,2195,44999,0.6517000000000001,169.2299584,Sell
2022-12-27,STARCEMENT,EQ,108.55,109.85,115.7,108.3,115.5,114.85,113.14,701711,7939141040000.001,8660,264544,0.37700000000000006,120.341532384,Sell
2022-12-27,STARPAPER,EQ,177.85,179.05,187.6,179.05,184.5,185.2,184.32,60012,1106125240000.0,2231,23749,0.3957,201.13656,Sell
2022-12-27,SUBROS,EQ,306.3,307.85,311.9,305.0,306.25,308.9,307.75,5345,164489715000.0,589,2648,0.4954,329.0393920000001,Sell
2022-12-27,SUNDARMFIN,EQ,2298.9,2292.0,2328.8,2291.95,2324.9,2320.9,2311.32,7417,1714305255000.0,1911,3601,0.4855,2412.83032,Sell
2022-12-27,SUMEETINDS,EQ,5.65,5.65,6.0,5.65,5.8,5.8,5.86,161866,94801135000.0,372,103326,0.6383,7.306940000000001,Sell
2022-12-27,STEELCITY,EQ,57.6,57.25,62.85,57.25,61.7,62.25,61.38,42993,263882810000.0,402,27122,0.6308,63.33537296001637,Sell
2022-12-27,SUBEXLTD,EQ,32.15,32.2,33.95,32.1,33.45,33.5,33.16,11333558,37583410260000.0,14175,1441601,0.1272,35.137721952,Sell
2022-12-27,STARTECK,EQ,139.9,141.9,141.9,135.05,141.9,141.75,139.78,14524,203010035000.0,412,1262,0.08689999999999999,143.5,Sell
2022-12-27,SUNDRMFAST,EQ,926.65,921.0,942.45,921.0,942.45,933.05,931.14,38351,3571021215000.0,4706,18365,0.4789,994.7229600000001,Sell
2022-12-27,SUVENPHAR,EQ,472.4,483.0,491.55,476.1,490.6,490.4,485.69,1885369,91569872730000.0,29426,1179041,0.6254,520.0,Sell
2022-12-27,SWANENERGY,EQ,286.65,290.0,291.0,278.2,282.95,280.1,283.65,219084,6214347535000.0,6181,78376,0.3577,301.53083999999996,Sell
2022-12-27,SUPRAJIT,EQ,326.35,329.95,336.0,327.45,333.0,333.5,332.06,300137,9966439680000.0,5631,214788,0.7156,357.365,Sell
2022-12-27,SYNCOMF,EQ,9.85,9.85,9.85,8.8,9.15,9.1,9.25,7842251,7254750730000.0,10874,3809989,0.4858,7.847360000000001,Buy
2022-12-27,SUPRIYA,EQ,229.35,232.5,236.45,228.75,235.9,235.0,232.63,111126,2585141720000.0,4478,32590,0.2933,252.39319999999998,Sell
2022-12-27,SYMPHONY,EQ,894.75,902.0,907.95,891.0,902.9,902.2,900.12,9748,877433594999.9999,1656,5262,0.5398,922.8868094857215,Sell
2022-12-27,SUULD,EQ,36.5,38.3,38.3,37.25,38.3,38.3,38.1,199534,760202810000.0,848,160868,0.8062,40.276513009314506,Sell
2022-12-27,TALBROAUTO,EQ,520.7,524.0,556.0,515.2,556.0,548.95,536.47,143838,7716428684999.999,9807,43961,0.3056,587.57074,Sell
2022-12-27,TATAINVEST,EQ,2011.6,2021.7,2142.35,2021.7,2126.7,2131.1,2111.95,93198,19682969410000.0,11681,22034,0.2364,1921.05,Buy
2022-12-27,TATAELXSI,EQ,6252.65,6349.7,6495.0,6312.0,6429.0,6431.65,6400.61,471338,301685057840000.0,59498,69781,0.14800000000000002,5709.05,Buy
2022-12-27,TECHNOE,EQ,313.6,315.8,320.9,312.95,320.0,318.0,316.16,49648,1569689525000.0,2505,24590,0.4953,344.122,Sell
2022-12-27,TDPOWERSYS,EQ,119.6,121.9,125.25,120.2,121.75,121.0,122.53,184665,2262697155000.0,4534,65110,0.35259999999999997,131.80038280000002,Sell
2022-12-27,TATACOMM,EQ,1244.3,1250.0,1285.0,1247.5,1273.1,1270.95,1273.87,804491,102481361700000.0,25029,292613,0.36369999999999997,1356.6694136,Sell
2022-12-27,TATAMETALI,EQ,731.95,735.65,783.55,735.65,782.0,778.55,768.05,104477,8024373759999.999,5560,25168,0.2409,791.3284174751334,Sell
2022-12-27,TATASTEEL,EQ,105.0,106.65,111.55,105.85,111.3,111.15,109.38,76033410,831649775700000.0,241759,21856401,0.28750000000000003,112.8153366976,Sell
2022-12-27,TATASTLLP,EQ,619.85,630.0,660.9,627.4,656.9,656.95,650.21,89367,5810724875000.0,5522,27617,0.309,671.7741339144357,Sell
2022-10-24,TIL,EQ,106.9,110.0,110.0,108.0,109.8,108.85,108.87,931,10135800000.0,34,418,0.449,124.67692132864,Sell
2022-12-27,THEMISMED,EQ,1286.5,1299.9,1352.95,1260.35,1300.0,1296.55,1294.88,8383,1085494585000.0,846,4503,0.5372,1397.34251712,Sell
2022-12-27,TEMBO,EQ,108.55,109.0,119.4,109.0,119.4,118.85,115.67,172358,1993708839999.9998,1040,98638,0.5723,95.35,Buy
2022-12-27,TIINDIA,EQ,2759.4,2774.95,2836.0,2760.1,2789.0,2796.85,2790.99,178876,49924093725000.0,20183,88747,0.4961,3027.6409599999997,Sell
2022-12-14,TIJARIA,EQ,7.3,7.4,7.5,6.6,6.85,6.95,7.0,271843,190395230000.0,447,184236,0.6777,5.800585459817022,Buy
2022-12-27,THYROCARE,EQ,621.75,625.0,625.75,610.55,614.0,613.65,615.97,298105,18362263275000.0,10873,73094,0.2452,768.25,Sell
2022-12-27,THANGAMAYL,EQ,1012.35,1015.0,1031.9,1002.0,1031.9,1028.3,1025.25,7849,804718455000.0,560,6284,0.8006000000000001,981.2,Buy
2022-12-27,TERASOFT,EQ,42.3,42.35,44.1,42.35,44.0,43.1,43.11,26803,115537039999.99998,305,11835,0.4416,48.99936,Sell
2022-12-27,TIRUPATIFL,EQ,21.5,22.4,23.1,20.8,22.2,22.5,21.89,2001994,4382305985000.0,3239,585059,0.2922,25.310000000000002,Sell
2022-12-27,TINPLATE,EQ,308.55,310.1,327.0,310.05,324.1,324.8,321.68,221623,7129200050000.0,7409,59708,0.26940000000000003,334.62746132817324,Sell
2022-12-27,TGBHOTELS,EQ,12.0,12.4,12.6,12.25,12.6,12.6,12.51,34259,42867195000.0,99,29970,0.8748,14.436879999999999,Sell
2022-12-27,TWL,EQ,193.45,199.8,203.1,195.0,203.1,203.1,201.4,918770,18503829355000.0,4829,476028,0.5181,211.45192,Sell
2022-12-27,UCOBANK,EQ,31.95,32.5,33.45,31.0,32.2,32.45,32.23,107289429,345803463085000.0,100012,14082674,0.1313,36.73282695424,Sell
2022-12-27,TRIL,EQ,53.6,53.6,56.05,53.5,55.65,55.75,55.03,468347,2577207040000.0,3407,247386,0.5282,62.73872,Sell
2022-12-27,TRIVENI,EQ,272.15,278.0,292.0,278.0,289.9,290.2,286.87,1676192,48085744685000.0,29169,520984,0.31079999999999997,303.31912,Sell
2022-12-27,TRIDENT,EQ,33.5,34.0,35.15,33.6,34.7,34.75,34.49,8534068,29434734235000.004,25724,2659938,0.31170000000000003,37.328179647999995,Sell
2022-12-27,UGROCAP,EQ,150.55,152.65,164.4,150.25,158.0,159.85,156.81,31810,498824200000.0,912,20611,0.6479,168.812,Sell
2022-12-27,TTKHLTCARE,EQ,1014.65,1024.8,1024.8,991.0,998.5,1001.8,1007.88,4908,494665730000.0,630,2346,0.478,1117.03644,Sell
2022-12-27,TVSSRICHAK,EQ,3038.25,3091.0,3113.95,3010.0,3060.0,3049.2,3050.88,11067,3376409585000.0,3576,3413,0.3084,3370.7940000000003,Sell
2022-12-27,TVSMOTOR,EQ,1015.55,1020.65,1049.0,1018.15,1047.0,1044.05,1036.99,1356572,140674634515000.02,54752,670813,0.49450000000000005,1064.0265183999998,Sell
2022-12-27,UGARSUGAR,EQ,94.95,100.0,100.45,96.15,97.6,97.8,98.09,1501013,14723438985000.0,9312,577106,0.38450000000000006,114.30163999999999,Sell
2022-12-27,TRU,EQ,73.4,74.75,75.7,71.35,73.5,73.45,72.94,532732,3885740575000.0,3561,167488,0.3144,82.63782978464,Sell
2022-12-27,UMAEXPORTS,EQ,45.35,45.95,46.75,45.2,46.15,45.95,45.82,43590,199742260000.0,768,21961,0.5038,51.2840352,Sell
2022-12-27,UNIENTER,EQ,135.55,136.0,136.2,134.1,134.9,134.65,134.93,3123,42140120000.0,198,2162,0.6923,149.94389120000002,Sell
2022-12-27,ULTRACEMCO,EQ,7074.0,7100.0,7165.95,7041.0,7103.1,7107.2,7093.52,295144,209360902375000.0,34813,121931,0.4131,7197.892393935439,Sell
2022-12-27,UNIDT,EQ,263.4,264.8,266.75,258.05,264.0,261.5,262.6,12661,332475980000.0,888,5437,0.4294,289.470007168,Sell
2022-12-14,UNITEDPOLY,EQ,120.8,126.8,126.8,120.55,126.8,126.8,126.55,169416,2143954745000.0,891,127198,0.7508,99.8847234992798,Buy
2022-12-27,UTIAMC,EQ,868.45,868.45,884.9,850.05,880.0,876.2,867.14,314194,27245055200000.0,13645,54682,0.174,776.8953276321281,Buy
2022-12-27,UNIVPHOTO,EQ,505.95,529.8,529.8,507.45,516.15,521.0,518.46,626,32455415000.000004,123,372,0.5942000000000001,572.14038,Sell
2022-12-27,VARDHACRLC,EQ,52.5,51.85,53.9,51.85,53.4,53.25,52.81,37774,199491750000.0,508,16787,0.44439999999999996,60.864742400000004,Sell
2022-12-27,UTTAMSUGAR,EQ,258.7,266.0,286.45,266.0,280.0,279.95,278.88,695640,19400044165000.0,18251,128351,0.1845,307.46944,Sell
2022-12-27,VADILALIND,EQ,2606.95,2628.8,2659.5,2586.3,2658.9,2645.9,2627.13,18518,4864913985000.0,3182,11660,0.6297,2776.9359600000003,Sell
2022-12-27,VARROC,EQ,296.5,297.0,300.75,295.55,296.3,297.75,297.74,62944,1874070214999.9998,3180,24649,0.39159999999999995,287.0,Buy
2022-12-27,VENKEYS,EQ,1839.75,1900.0,1920.0,1880.0,1884.0,1887.25,1894.04,49666,9406933430000.0,5716,8968,0.18059999999999998,2097.1683599999997,Sell
2022-12-27,VARDMNPOLY,EQ,19.25,20.1,20.1,19.25,19.7,19.55,19.64,5656,11108890000.0,103,3256,0.5757,21.4184224,Sell
2022-12-27,V2RETAIL,EQ,91.0,91.8,93.4,90.4,91.0,91.15,91.69,13454,123354375000.0,483,4965,0.369,101.12088,Sell
2022-12-27,UNITEDTEA,EQ,277.45,281.95,288.85,277.55,283.0,281.6,281.64,1032,29064790000.000004,66,491,0.4758,298.7724,Sell
2022-12-27,VGUARD,EQ,261.2,264.0,264.9,260.0,260.9,261.1,262.27,122798,3220648660000.0,4422,41733,0.33990000000000004,274.19115999999997,Sell
2022-12-27,VHL,EQ,2853.35,2853.35,2967.6,2852.05,2950.0,2938.3,2895.23,430,124494920000.0,203,209,0.48600000000000004,3113.756416,Sell
2022-12-27,USHAMART,EQ,168.8,172.75,180.65,167.15,177.0,177.55,174.63,8508647,148586707445000.0,75839,1831066,0.2152,133.85799403120637,Buy
2022-12-27,VCL,EQ,5.9,6.1,6.1,5.5,5.85,5.8,5.87,412453,241961240000.0,839,243311,0.5899,7.124743936,Sell
2022-12-27,UNIVCABLES,EQ,280.05,282.0,291.0,279.5,285.0,286.05,284.79,39809,1133711695000.0,1908,16335,0.4103,297.1456407938048,Sell
2022-12-05,VERTOZ,EQ,197.7,199.9,206.45,192.0,198.3,202.6,201.06,306914,6170716030000.0,3543,112278,0.3658,182.018,Buy
2022-12-27,VEDL,EQ,296.1,299.1,309.0,299.0,307.5,307.65,305.33,11251874,343552054960000.0,87174,2529580,0.2248,313.0536117047533,Sell
2022-12-27,VIJIFIN,EQ,2.65,2.85,2.9,2.8,2.9,2.9,2.89,335308,96794600000.0,237,260199,0.7759999999999999,3.1234965604709473,Sell
2022-12-27,VIMTALABS,EQ,437.45,445.3,446.4,421.85,424.1,425.75,434.87,49419,2149066525000.0,2888,28977,0.5864,483.17,Sell
2022-12-27,VINNY,EQ,126.9,133.1,133.2,125.0,133.2,133.2,133.07,23914,318232315000.0,230,19671,0.8226000000000001,118.4,Buy
2022-12-27,VOLTAMP,EQ,2556.55,2584.15,2645.0,2532.0,2640.0,2618.5,2583.43,19348,4998428030000.0,3898,4658,0.2407,2400.0,Buy
2022-12-01,VIVIMEDLAB,EQ,9.35,9.75,9.8,9.7,9.8,9.8,9.79,76250,74676610000.0,142,75041,0.9841,8.7,Buy
2022-12-27,VINEETLAB,EQ,54.35,55.3,55.85,54.3,54.6,54.6,54.95,11185,61461155000.00001,216,6359,0.5685,64.86688,Sell
2022-12-27,VMART,EQ,2941.25,2966.0,2984.9,2872.05,2895.0,2890.3,2919.77,12041,3515699510000.0,3919,4992,0.4146,3097.262,Sell
2022-12-14,VIPULLTD,EQ,15.75,15.1,15.65,15.0,15.0,15.05,15.14,52517,79514585000.0,385,26316,0.5011,13.76844200704,Buy
2022-12-27,VISHWARAJ,EQ,17.35,18.35,18.8,17.8,18.45,18.4,18.3,1618742,2962154100000.0,3954,759161,0.469,20.742372800000002,Sell
2022-12-27,VIJAYA,EQ,433.1,435.0,438.25,428.65,430.05,432.2,433.61,189895,8233979484999.999,7772,30540,0.1608,526.04,Sell
2022-12-27,WEBELSOLAR,EQ,92.05,95.0,95.0,92.3,93.4,93.85,93.73,57250,536583809999.99994,1075,34921,0.61,104.820088,Sell
2022-12-27,WFL,EQ,227.5,237.0,237.9,221.0,229.5,230.8,229.96,4137,95136165000.0,305,1766,0.4269,239.20599655639586,Sell
2022-12-27,WEALTH,EQ,347.25,347.8,399.0,343.6,384.0,368.25,363.69,3378,122854589999.99998,156,2667,0.7895000000000001,311.612268468542,Buy
2022-12-27,WINPRO,EQ,3.9,3.9,4.0,3.8,3.9,3.9,3.91,126420,49469290000.0,296,103106,0.8156,4.238,Sell
2022-12-27,YESBANK,EQ,19.6,20.2,20.7,19.6,20.2,20.15,20.18,525572234,1060414363485000.0,234756,71950065,0.1369,22.4998377103104,Sell
2022-12-27,ZOTA,EQ,278.05,280.0,289.85,279.2,285.0,287.0,285.06,46934,1337878125000.0,3195,24551,0.5231,251.0,Buy
2022-12-27,ZENITHSTL,EQ,5.15,5.6,5.6,5.1,5.45,5.4,5.4,224518,121215714999.99998,651,150631,0.6709,5.9366048,Sell
2022-12-27,ZEELEARN,EQ,6.9,7.0,7.2,6.95,7.1,7.1,7.08,421597,298291495000.0,653,268114,0.6359,7.659180175888556,Sell
